GEOID,NAME,year,employment_over_16,employment_over_16_moe,unemployment_over_16,unemployment_over_16_moe,employment_20_to_64,employment_20_to_64_moe,unemployment_20_to_64,unemployment_20_to_64_moe,below_poverty,below_poverty_moe,earnings_16_older_total,earnings_16_older_total_moe,earnings_16_older_median,earnings_16_older_median_moe,earnings_25_older_total,earnings_25_older_total_moe,earnings_25_older_less_hs,earnings_25_older_less_hs_moe,earnings_25_older_hs_grad,earnings_25_older_hs_grad_moe,earnings_25_older_some_college,earnings_25_older_some_college_moe,earnings_25_older_bachelors,earnings_25_older_bachelors_moe,earnings_25_older_graduate,earnings_25_older_graduate_moe,median_household_income,median_household_income_moe,income_less_than_10k,income_less_than_10k_moe,income_10k_14999,income_10k_14999_moe,income_15k_24999,income_15k_24999_moe,income_25k_34999,income_25k_34999_moe,income_35K_49999,income_35K_49999_moe,income_50K_74999,income_50K_74999_moe,income_75K_99999,income_75K_99999_moe,income_100K_149999,income_100K_149999_moe,income_150K_199999,income_150K_199999_moe,income_200K_more,income_200K_more_moe,total_pop,total_pop_moe,race_white,race_white_moe,race_black,race_black_moe,race_american_indian,race_american_indian_moe,race_asian,race_asian_moe,race_native_hawaiian,race_native_hawaiian_moe,race_hispanic,race_hispanic_moe,race_other,race_other_moe,race_two_more,race_two_more_moe,family_children_total,family_children_total_moe,family_married_parent_perc,family_single_parent_perc,family_children_nonfamily_perc,family_nonfamily_household_perc,education_less_hs,education_hs_grad,education_assoc_some_college,education_bachelors_or_higher,disability,disability_moe,housing_occupied_total,owner_occupied_housing_total,renter_occupied_housing_total,owner_occupied_housing_perc,renter_occupied_housing_perc,affordable_housing_own_total,affordable_housing_own_perc,affordable_housing_rent_total,affordable_housing_rent_perc,affordable_housing_all_perc,affordable_housing_less_20k,affordable_housing_20k_34k,affordable_housing_35k_49k,affordable_housing_50k_74k,affordable_housing_more_75k
4100021,"South Wasco County School District 1, Oregon",2018,42.6,7.2,4.2,2.8,63.9,8.1,4.6,3.1,15.2,5.8,952,191,26038,6020,27005,6309,21579,15351,18750,18017,33295,6188,31042,12550,35833,19044,47035,5231,6.8,2.7,4.1,3.4,10.6,3.7,10.4,3.9,20,5.5,28.2,5.8,6.9,3.6,10,5.1,0.2,0.5,2.7,2.4,1960,228,93.7,3.4,0.4,0.5,0.8,1,1.2,1.7,0.6,1,5.6,6.5,0,1.6,3.4,2.6,181,61,43.0939226519337,49.1712707182321,7.73480662983425,24.1066364152014,12.4242424242424,34.1818181818182,40.969696969697,12.4242424242424,25.7,4.3,894,653,241,73.0425055928412,26.9574944071588,478,73.2006125574273,142,58.9211618257261,69.3512304250559,10.8695652173913,69.9300699300699,78.169014084507,93.7759336099585,97.7401129943503
41065970100,"Census Tract 9701, Wasco County, Oregon",2018,50.1,5.8,2.8,2.3,71.9,6.5,1.3,1.5,14.8,8.3,1669,214,32779,4361,34053,6403,23606,16948,33325,2623,30349,10409,52955,8881,66250,17772,56875,12049,2.4,1.9,6.4,3.8,12.7,5.3,11.9,4.3,9,3.2,28.4,6.7,11.8,5.4,10.9,4.6,4.9,2.8,1.5,1.4,3659,361,95.3,2.3,0.2,0.4,3.1,2.1,0.2,0.5,0,0.9,8,2.4,0.3,0.7,0.8,1,703,175,72.5462304409673,27.4537695590327,0,21.3735938425104,10.6338028169014,27.5704225352113,35.4225352112676,26.3732394366197,21.1,4.6,1615,1164,451,72.0743034055728,27.9256965944272,953,81.872852233677,155,34.3680709534368,68.6068111455108,10.7344632768362,26.3888888888889,91.0958904109589,85.1851851851852,100
41065970200,"Census Tract 9702, Wasco County, Oregon",2018,68.5,5.2,2.3,2.2,78.5,5.2,2.5,2.4,12.3,5.4,1767,190,30806,5652,32551,4303,22813,14426,32381,3708,36705,4266,33224,6677,58015,28967,48571,2655,3.7,3,5.1,4.1,8.9,5.7,10.9,5.8,27.5,8,17.4,6.1,15,5.4,6.8,4,4.6,3.8,0,2.5,3166,273,92.5,3.4,0.5,0.8,0.9,1.2,0.7,0.9,0,1,25.6,5.4,2,1.8,3.4,2.4,822,194,69.9513381995134,30.0486618004866,0,24.415666456096,15.4074074074074,23.5555555555556,37.7777777777778,23.2592592592593,14,4.8,1290,671,619,52.015503875969,47.984496124031,470,70.0447093889717,420,67.8513731825525,68.9922480620155,0,71.2041884816754,72.9577464788733,68.75,100
41065970300,"Census Tract 9703, Wasco County, Oregon",2018,60.4,5.1,5.2,4.4,76.7,5.2,3,3,5.3,2.8,1501,188,36343,2791,41667,6493,,,36756,6980,38523,9489,56875,18739,44702,19957,58264,12952,3.7,3.2,3.7,3.8,8,5.2,6.8,3.9,22.4,7.7,17.2,5.9,17.9,7.1,16.1,5,4.1,3.5,0,2.8,2980,233,87.2,6.6,0.8,1.1,0.3,0.4,2.3,1.9,0,1.1,16.2,4.9,6.1,5.7,3.3,2.4,779,140,57.1245186136072,42.8754813863928,0,11.8072289156627,8.82352941176471,19.8782961460446,45.0811359026369,26.2170385395538,10.1,3.3,1131,819,312,72.4137931034483,27.5862068965517,701,85.5921855921856,133,42.6282051282051,73.7400530503979,0,45.0980392156863,84.9514563106796,88.7179487179487,98.1176470588235
41065970400,"Census Tract 9704, Wasco County, Oregon",2018,45.7,5,4.9,3.6,68,7.4,2.9,2.4,14.7,6.1,1364,168,30382,3295,32071,3153,31477,10280,31458,2006,32463,5874,74861,14239,,,38988,7964,5.6,3.7,10.2,5.9,16.2,5.8,15.5,5.9,10,4.9,20.2,6.6,9.1,4.2,3.2,2.3,3.8,4,6.2,3.8,3394,276,89.4,5.9,0.1,0.2,0.6,0.8,0,1,0.1,0.1,20.6,4.7,5.3,5.3,4.5,2.6,864,162,72.9166666666667,27.0833333333333,0,19.5183776932826,12.6822801590809,34.7326557666814,36.7653557224923,15.8197083517455,23.5,4.3,1314,523,791,39.8021308980213,60.1978691019787,412,78.7762906309752,304,38.4323640960809,54.4901065449011,9.41176470588235,38.328530259366,82.4175824175824,71.8045112781955,100
41065970500,"Census Tract 9705, Wasco County, Oregon",2018,56.5,5.8,6.4,6.2,69,6.4,6.1,5.7,21.1,6.5,1893,252,26113,4185,31540,2117,34420,5379,26453,4384,30625,2879,53864,6786,,,45563,6728,8.4,5,5.2,3.6,16.8,6,8.6,4.2,14.9,4.8,21.6,6.8,10.5,4.8,10,4.7,3.3,2.1,0.5,0.8,3759,263,80.2,8.4,0,0.9,0.3,0.4,0.5,0.7,3.7,1.7,27.3,5,11,7.5,4.3,1.9,918,128,63.6165577342048,36.3834422657952,0,14.7645650438947,25.2685861624409,34.4649763644177,29.4370434035239,10.8293940696175,22.1,4.4,1473,847,626,57.5016972165648,42.4983027834352,642,75.7969303423849,350,55.9105431309904,67.3455532926001,23.9852398523985,48.7804878048781,74.8768472906404,86.7924528301887,100
41065970600,"Census Tract 9706, Wasco County, Oregon",2018,52.8,6.7,7.2,4.5,64.4,7.6,7.7,4.9,12.4,5.9,1321,185,31325,4121,31992,5556,18229,11745,36528,7051,31123,2948,40329,6491,50208,20256,55750,12306,1,1.1,6.3,4.2,9.6,5.6,9.8,5,14.2,5.4,23.8,7.5,20.2,6.8,9.4,3.9,0,3,5.6,3.9,2848,281,90.9,5,0,1.1,0,1.1,1,0.8,0,1.1,24.3,8.3,5.9,4.5,2.2,1.7,725,159,71.8620689655172,28.1379310344828,0,12.95959228249,14.0671273445212,26.3079960513327,35.9822309970385,23.6426456071076,14.3,5,1057,696,361,65.8467360454116,34.1532639545885,465,66.8103448275862,225,62.3268698060942,65.279091769158,15.1785714285714,52.7272727272727,60.4166666666667,71.8253968253968,94.3620178041543
41065970700,"Census Tract 9707, Wasco County, Oregon",2018,68.7,9.5,0.6,0.9,81.7,6.9,0.4,0.9,8.5,5.9,1113,315,31505,8653,35404,5094,17476,9071,29091,6161,36983,5289,71250,7450,60446,17003,61048,8545,1.5,1.8,2.8,1.9,9.9,4.4,14.5,7.6,11.6,5.7,23.5,7.7,10.1,5.6,17.6,6.5,4,2.8,4.4,3.3,1821,305,87.9,10.1,1.4,1.3,0.1,0.3,0.2,0.3,0,1.8,23.4,8.3,7.5,10,3,2.1,291,79,91.7525773195876,8.24742268041237,0,9.8518995492595,19.9290780141844,27.1631205673759,26.9503546099291,25.9574468085106,16.7,8.4,654,527,127,80.5810397553517,19.4189602446483,390,74.0037950664137,60,47.244094488189,68.8073394495413,37.8787878787879,66.6666666666667,59.0909090909091,74.025974025974,96.3963963963964
41065970800,"Census Tract 9708, Wasco County, Oregon",2018,51.8,5.2,5.2,1.9,69.7,5.3,5.1,2.1,13.4,3.6,2129,262,29529,2694,31440,2718,21667,11016,25407,5304,31984,2775,49348,9382,42000,7212,50893,4760,5.8,1.6,4.2,2.1,11.4,3.4,8.7,2.7,18.7,3.6,23.4,4.2,8.7,2.3,15.1,4.5,1.6,1,2.4,1.5,4239,305,77.9,2.5,0.2,0.2,17.5,2.2,0.8,0.8,0.3,0.5,4,3.3,0.2,0.2,3.2,1.5,667,95,60.119940029985,37.7811094452774,2.09895052473763,18.4562097971301,10.2507836990596,31.0658307210031,42.6645768025078,16.0188087774295,20.1,2.9,1732,1153,579,66.5704387990762,33.4295612009238,875,75.8889852558543,376,64.9395509499137,72.2286374133949,19.3370165745856,61.8677042801556,83.7545126353791,95.5145118733509,96.6597077244259
41065,"Wasco County, Oregon",2018,55.8,1.8,4.4,1.4,72,2.1,3.8,1.2,13.4,2.1,12757,321,30880,1015,33347,1742,23209,4730,31806,1692,32453,3001,52932,6867,51000,7923,50973,2064,4.4,1.1,5.7,1.4,12,2,10.6,1.8,16.1,2.1,22.1,2.3,12.6,2,10.8,1.6,3.3,1.1,2.4,0.7,25866,,87.2,1.9,0.3,0.2,3.6,0.3,0.7,0.2,0.6,0.2,17.8,,4.5,1.8,3.1,0.7,5769,62,68.1747269890796,31.5825966371988,0.242676373721616,17.2589654334979,14.1583116379549,28.5104968703263,36.8193652024594,20.5118262892594,18.2,1.4,10266,6400,3866,62.3417105006819,37.6582894993181,4908,76.6875,2023,52.3279875840662,67.5141242937853,14.6360759493671,47.4824038982133,77.4193548387097,81.9759679572764,98.257006151743
41027950100,"Census Tract 9501, Hood River County, Oregon",2018,60.2,5.4,4.5,2.8,76.4,5,4.6,3.1,15,7.4,2287,342,24803,5495,27319,5539,23523,9626,23875,13953,26250,9290,28837,8505,76591,52801,54049,9068,3,1.9,2.1,1.7,8.7,4.4,9.3,4.1,21.5,7,19,6.3,11,4.8,16.1,5.7,7.1,4.8,2.2,1.5,4345,498,89.6,5.9,0.3,0.5,1.1,1,2.3,1.3,0,0.7,27.9,9.3,5.2,5.6,1.4,1.4,1060,230,87.5471698113208,12.4528301886792,0,11.7647058823529,20.0980392156863,24.4397759103642,34.5588235294118,20.9033613445378,13.9,3.2,1361,967,394,71.0506980161646,28.9493019838354,809,83.6608066184075,178,45.1776649746193,72.5202057310801,22.463768115942,49.645390070922,52.901023890785,92.2480620155039,99.3951612903226
41027950200,"Census Tract 9502, Hood River County, Oregon",2018,64.9,4.5,5.5,2.6,81.1,5.7,4.3,2.4,7.2,3.9,4065,361,37885,5469,41893,7314,25667,4344,40091,10148,35273,10789,49151,7129,82656,34150,74638,9128,1.6,1.5,5.1,4.1,2.8,2.2,12.2,5.6,8.2,3.5,20.3,5.3,19.6,7,13.1,4.4,6.9,3.3,10.3,4.1,6972,513,87.7,4.9,1.1,1.1,0.6,0.7,2.9,1.4,0,0.5,20.9,4.7,5.1,4.2,2.7,1.8,1411,283,67.3281360737066,30.1913536498937,2.48051027639972,20.6699824458748,12.0424084816963,17.8235647129426,31.5063012602521,38.627725545109,6.5,2,2819,2118,701,75.1330258957077,24.8669741042923,1667,78.7063267233239,283,40.3708987161198,69.1734657680028,54.7445255474453,32.0099255583127,67.8260869565217,62.7777777777778,92.8041543026706
41027950300,"Census Tract 9503, Hood River County, Oregon",2018,64.3,4.7,0.4,0.9,79.7,5.6,0.4,1,13.5,6,3137,275,34080,5848,39484,7827,19565,12556,41131,20231,32664,7084,44000,23226,61597,11029,51667,16325,5,4.6,7.5,3.8,9.6,5,14,4.6,11.9,5.7,15.8,5,10.3,4.5,16.5,6,4.6,2.8,4.8,2.5,5915,271,92.4,4.2,0.3,0.6,0,0.5,0.5,0.5,0,0.5,20,5.3,2.7,3.3,4.1,2.5,1461,256,75.9069130732375,24.0930869267625,0,21.9770822644091,11.3731269958241,21.7636944239745,23.5568656349791,43.3063129452223,10.4,3.7,2602,1317,1285,50.6149116064566,49.3850883935434,1045,79.3470007593015,717,55.7976653696498,67.71714066103,44.6153846153846,32.7669902912621,65.6957928802589,79.3187347931874,95.0106157112527
41027950400,"Census Tract 9504, Hood River County, Oregon",2018,64.8,3.9,6,3.3,76.3,4.9,6.1,3.6,6,3.3,3239,363,24915,2830,28313,5780,23431,3929,27950,7891,34450,13390,48289,10358,44053,18289,62066,5496,0.5,0.8,0.8,1,4.7,2.7,12.7,6,16.2,6.3,27.6,6.4,12.4,4.7,12.5,4.6,6.1,2.9,6.5,3.4,5899,537,77.3,7.9,0.2,0.5,1.2,1,0.4,0.4,0.1,0.1,58.1,4.7,13.5,6.7,7.4,5.8,1591,269,83.2809553739786,15.7762413576367,0.942803268384664,10.464904284412,36.0651214128035,22.6545253863135,24.0618101545254,17.2185430463576,9.5,3,1757,1236,521,70.3471826977803,29.6528173022197,931,75.3236245954693,178,34.1650671785029,63.118952760387,78.5714285714286,45.3038674033149,73.2984293193717,67.8651685393258,91.6943521594684
41027,"Hood River County, Oregon",2018,63.9,2,4.2,1.2,78.7,2.7,3.8,1.3,10,2.6,12728,347,30775,1956,34960,3218,23413,3339,33591,4029,32063,4016,47586,6817,62929,12730,62935,4086,2.6,1.5,4.5,1.9,6.2,2,12.4,2.5,13.1,2.6,20.2,2.8,13.9,2.6,14.5,2.7,6.1,1.6,6.6,1.7,23131,,86.6,2.8,0.5,0.2,0.7,0.4,1.5,0.4,0,0.1,31.5,,6.6,2.5,4,1.7,5523,189,78.0735107731306,21.0211841390549,0.905305087814593,16.8918613583985,18.9453376205788,21.1961414790997,28.2508038585209,31.6077170418006,9.7,1.4,8539,5638,2901,66.026466799391,33.973533200609,4452,78.9641716920894,1356,46.7425025853154,68.0173322403092,44.300518134715,36.5875109938435,63.9296187683285,72.8536880290206,94.185360094451
41055950100,"Census Tract 9501, Sherman County, Oregon",2018,51.4,4.3,3.9,2.2,74.9,5.1,4.2,2.4,13.1,3.2,815,74,31088,2105,32104,4682,8750,8030,30461,5634,33750,8605,51667,7093,,,48056,5142,4.5,2.1,7.1,2.6,14.9,4.6,12.8,3.9,13.6,3.6,20.5,4.4,9.4,2.3,9.2,2.9,1.6,1,6.4,3.2,1605,106,95.5,1.7,0.6,0.4,0.9,0.7,0.1,0.2,0.9,1,3.6,2.7,0,2,2.1,1.1,261,59,60.1532567049808,39.0804597701149,0.766283524904215,22.4105461393597,8.64297253634895,32.9563812600969,38.9337641357028,19.4668820678514,22.1,3.2,736,476,260,64.6739130434783,35.3260869565217,378,79.4117647058824,112,43.0769230769231,66.5760869565217,26.7716535433071,48,82.9545454545455,98.6301369863014,97.6608187134503
41055,"Sherman County, Oregon",2018,51.4,4.3,3.9,2.2,74.9,5.1,4.2,2.4,13.1,3.2,815,74,31088,2105,32104,4682,8750,8030,30461,5634,33750,8605,51667,7093,,,48056,5142,4.5,2.1,7.1,2.6,14.9,4.6,12.8,3.9,13.6,3.6,20.5,4.4,9.4,2.3,9.2,2.9,1.6,1,6.4,3.2,1605,106,95.5,1.7,0.6,0.4,0.9,0.7,0.1,0.2,0.9,1,3.6,2.7,0,2,2.1,1.1,261,59,60.1532567049808,39.0804597701149,0.766283524904215,22.4105461393597,8.64297253634895,32.9563812600969,38.9337641357028,19.4668820678514,22.1,3.2,736,476,260,64.6739130434783,35.3260869565217,378,79.4117647058824,112,43.0769230769231,66.5760869565217,26.7716535433071,48,82.9545454545455,98.6301369863014,97.6608187134503
41031940000,"Census Tract 9400, Jefferson County, Oregon",2018,41.6,4.7,24.2,5,48.1,5.5,22.2,5.2,38.5,6.3,1306,143,24613,2401,28962,3312,23611,7095,18750,5314,31889,4579,58438,42627,55250,15947,41061,6288,10.4,4.3,5.1,2.9,19.9,5.7,8.1,3.7,14.8,5.1,18.8,6,14.5,4.7,6,2.5,2,1.8,0.4,0.7,3547,236,5.5,1.7,0.6,0.7,91.5,2.6,0.1,0.2,0.2,0.4,5.8,2.6,0.5,0.5,1.6,1.9,1211,152,27.5805119735756,72.4194880264244,0,5.10760401721664,18.45,31.8,40,9.75,14.8,3,844,555,289,65.7582938388626,34.2417061611374,461,83.0630630630631,153,52.9411764705882,72.7488151658768,44.7761194029851,73.4848484848485,94.7368421052632,98.7096774193548,92.7374301675978
41031960100,"Census Tract 9601, Jefferson County, Oregon",2018,34.3,5.5,6.3,5.6,38.3,6.7,7.1,6.1,13.2,6.3,989,158,27146,2334,29384,2600,,,22500,19040,29764,4231,,,47153,30620,65388,25079,5.2,4.4,0,5.5,11.5,7.7,14.4,7.8,15.1,8.2,18.8,7.8,16.5,7.5,12.9,7,2.1,3.1,3.5,2.7,2369,310,84.3,5.7,3.4,2.1,4.2,3.4,0,1.4,0,1.4,8.8,6,5.1,5.6,3,2.5,337,108,56.973293768546,43.026706231454,0,11.5112540192926,12.1083377588954,32.8730748805098,36.6436537440255,18.3749336165693,12.6,4.7,575,429,146,74.6086956521739,25.3913043478261,304,70.8624708624709,93,63.6986301369863,69.0434782608696,7.59493670886076,55.6701030927835,96.551724137931,89.6907216494846,82.5870646766169
41031960201,"Census Tract 9602.01, Jefferson County, Oregon",2018,59.2,7.2,10,4.1,71.5,7.5,10.6,4.2,20.7,7.2,1786,272,25782,3323,28511,4738,24250,10114,22679,4861,38419,7219,25571,8978,51667,47853,34350,10501,6.2,4.6,10.8,5.4,16.4,7.1,17.8,7.7,8.6,4.9,12.6,5.2,13.9,6.4,9.7,6.1,3.3,2.3,0.9,1.4,3411,401,77.3,7.8,0,0.9,3.4,3.2,0.3,0.4,0,0.9,40.4,6.6,14.7,7.5,4.3,2.4,838,204,57.9952267303103,42.0047732696897,0,22.5447082966872,20.8649130628622,31.431119037004,28.57779759251,19.1261703076237,17.4,5,1168,565,603,48.3732876712329,51.6267123287671,440,77.8761061946903,276,45.771144278607,61.3013698630137,29.4117647058824,29.7752808988764,89,89.795918367347,100
41031960202,"Census Tract 9602.02, Jefferson County, Oregon",2018,47.6,4.9,9.8,5.1,64.2,6.5,9.2,5.7,21,7.2,2462,293,28365,10749,35417,9502,23125,10902,22200,5351,35547,10152,59250,8866,50845,9835,47436,9301,8.9,5.4,2.7,2.5,14.3,6.4,10.3,5.3,15.4,6.1,17.8,6.4,13.7,4.4,13.2,5.6,2.6,2.4,1.1,1.2,5377,468,84,4.7,1.6,1.2,6.4,2.8,1.6,1,0,0.6,24.1,5.1,5.1,4,1.2,1.1,1369,265,65.5953250547845,32.6515704894083,1.75310445580716,18.7085779208483,13.375250071449,25.5501571877679,37.6393255215776,23.4352672192055,16.4,4.2,2011,1239,772,61.6111387369468,38.3888612630532,1029,83.0508474576271,318,41.1917098445596,66.9816011934361,6.35451505016722,45.125348189415,72.8155339805825,93.9306358381503,100
41031960301,"Census Tract 9603.01, Jefferson County, Oregon",2018,39,5.1,4.4,3.3,59.1,6.8,4.4,3.9,13.2,5.3,1630,236,28441,5276,31101,8111,,,29375,9709,23542,11707,,,46250,31464,56949,8995,3.3,1.9,6.5,4.5,3.5,2.5,18.6,5.2,13.6,4.1,25.8,6.2,12.6,3.8,12.3,4.7,1.4,1.3,2.3,2.2,3752,296,90.9,3.5,0.2,0.4,0.9,1.2,0.2,0.3,0,0.9,7.2,3.5,1,1.1,6.7,3.5,383,122,45.4308093994778,45.9530026109661,8.61618798955614,22.3880597014925,7.99748110831234,25.5667506297229,49.3702770780856,17.0654911838791,23.5,4.7,1711,1501,210,87.7264757451783,12.2735242548217,998,66.4890073284477,92,43.8095238095238,63.7054354178843,12.258064516129,31.4121037463977,54.0772532188841,85.3717026378897,98.159509202454
41031960302,"Census Tract 9603.02, Jefferson County, Oregon",2018,54.2,4.2,6.1,2.4,70.8,4.5,4.6,1.9,11.8,4.2,2201,221,30724,3276,36123,3092,32305,3316,35074,6799,29318,7221,51917,7349,58333,14659,56055,2936,3.2,1.4,1.5,1.1,9.5,2.8,13.8,3.2,13,4.3,25.8,4.9,11.9,3.4,15.5,4.5,4.1,2.1,1.8,0.9,4687,375,78.6,4.2,0.1,0.2,1.4,0.7,0.7,0.6,0.2,0.3,27,4.3,13.5,3.9,5.4,2.4,1323,208,79.3650793650794,20.6349206349206,0,10.524064171123,14.195688225539,33.6318407960199,32.9684908789386,19.2039800995025,17.9,3,1583,1199,384,75.7422615287429,24.2577384712571,858,71.5596330275229,195,50.78125,66.5192672141504,37.007874015748,41.2162162162162,50.2857142857143,78.2051282051282,93.8814531548757
41031,"Jefferson County, Oregon",2018,46.6,2.1,10,2.1,59.9,2.7,9.4,2.2,19.9,2.9,10374,383,27279,1531,31576,2229,26382,4570,24931,2740,31613,2415,46406,17090,51463,7881,50339,3686,6,1.7,4.6,1.4,11.7,2.1,14,2.2,13.4,2.1,20.5,2.6,13.4,2,12.1,2.1,2.6,0.8,1.6,0.7,23143,,71.1,1.6,0.9,0.3,16.9,0.7,0.6,0.2,0.1,0.1,20,,6.9,1.4,3.6,0.9,5461,67,57.3887566379784,41.5674784837942,1.04376487822743,15.5512432871519,14.0048052604957,29.5902883156297,37.9994941831057,18.4054122407688,17.6,1.8,7892,5488,2404,69.5387734414597,30.4612265585403,4090,74.5262390670554,1127,46.8801996672213,66.1049163710086,22.735674676525,40.9577819785759,70.7269155206287,87.5,96.1835334476844
53059950100,"Census Tract 9501, Skamania County, Washington",2018,58.3,25.1,0,42.4,64.5,26.4,0,42.4,14,12.7,54,27,,,,,,,,,18125,1429,,,,,68571,15740,0,46.9,0,46.9,12.5,12.7,12.5,15.8,7.5,14.1,27.5,23.8,15,18.7,25,20.8,0,46.9,0,46.9,143,58,97.9,2.9,0,20.2,2.1,2.9,0,20.2,0,20.2,0,20.2,0,20.2,0,20.2,59,43,100,0,0,7.69230769230769,3.57142857142857,33.3333333333333,33.3333333333333,29.7619047619048,4.2,6.8,40,36,4,90,10,18,50,4,100,55,,50,100,36.3636363636364,62.5
53059950200,"Census Tract 9502, Skamania County, Washington",2018,52.7,3.9,6.1,2.6,68.2,4.5,5.2,2.9,9.6,2.1,2385,186,37164,3850,41830,5302,36438,4786,36008,6342,36563,7646,49583,7985,62917,15431,68407,6298,3.9,1.9,3.1,1.7,8.3,3.2,8.1,3.1,10.9,3.2,21.9,4.8,13.5,3.5,20.1,4.3,6.1,2.8,4.1,1.8,4697,226,94,1.5,1.7,0.8,1.3,1,0.8,0.6,0.3,0.4,2.2,1.4,0.5,0.5,1.4,0.9,742,129,76.5498652291105,22.3719676549865,1.07816711590297,19.5018096657441,5.66037735849057,28.5753349740224,40.3609515996719,25.4033360678152,13.5,2.7,1911,1558,353,81.5279958137101,18.4720041862899,1143,73.3632862644416,178,50.4249291784703,69.1261119832549,10.3092783505155,52.6315789473684,67.005076142132,67.5609756097561,92.4550898203593
53059950300,"Census Tract 9503, Skamania County, Washington",2018,46.1,4.5,7.2,4.4,62.1,5.2,6.8,4.7,18,4.6,863,126,30246,6361,35795,7831,41111,19850,30272,7394,30417,14600,,,69286,8597,47788,12758,12.6,4.3,6.5,3.4,9.1,4,14.5,5.6,8.6,4,24,6.5,8.6,3.5,12.4,4.1,3.2,1.9,0.5,0.7,1877,200,95,2.7,1.3,1.8,1.7,1.5,0.9,1,0,1.7,3.2,1.9,0.5,0.5,0.7,0.7,326,86,59.2024539877301,36.8098159509202,3.98773006134969,24.6195652173913,12.8407460545194,34.1463414634146,31.4921090387375,21.5208034433286,16.1,3.5,825,490,335,59.3939393939394,40.6060606060606,365,74.4897959183674,165,49.2537313432836,64.2424242424243,26.7080745341615,59.0909090909091,60.5633802816901,75.7575757575758,100
53059950400,"Census Tract 9504, Skamania County, Washington",2018,52.2,5.3,3,1.7,66,6.5,2.6,1.5,12.9,6.7,1104,133,31771,6339,35577,7196,25556,6967,28125,10406,22279,17032,72083,18869,49605,19944,57022,5605,2.2,1.4,7.1,3.8,6.5,3.4,12.5,5,14.2,5,20.1,5.9,9.7,3.7,18.8,5.2,5.1,2.6,3.8,2.5,2156,204,91.6,3.1,0,1.5,0.9,0.8,0.7,0.7,0,1.5,10.3,4.1,2.7,2,4.1,2.2,373,134,54.1554959785523,45.8445040214477,0,14.0074211502783,11.0059171597633,27.7514792899408,30.7100591715976,30.5325443786982,13.6,3.6,901,620,281,68.8124306326304,31.1875693673696,527,85,153,54.4483985765125,75.4716981132076,15.3846153846154,63.28125,77.2357723577236,91.2790697674419,99.1071428571429
53059950500,"Census Tract 9505, Skamania County, Washington",2018,61.6,4.7,2.6,1.9,73.9,5.2,2.8,2.1,17.5,6.8,1370,170,29981,5325,36856,3040,19821,8330,35899,2293,40307,4675,,,61813,17216,45167,11510,7.2,3.7,10.9,6.3,7.9,3.8,6.8,4.8,18.9,7.4,10.1,5,9.7,5.2,21.4,8,4.9,3.8,2,3,2747,271,90.5,4.2,0,1.2,4.7,2.4,2.2,1.7,0.2,0.5,12.1,3.9,2,2.8,0.3,0.5,737,165,64.9932157394844,35.0067842605156,0,9.36123348017621,9.44792259533295,36.5395560614684,38.7023335230507,15.310187820148,12.3,3,1008,627,381,62.202380952381,37.797619047619,436,69.5374800637959,194,50.9186351706037,62.5,8.45771144278607,63.716814159292,30.6010928961749,100,100
53059,"Skamania County, Washington",2018,53.5,2.1,4.8,1.3,68.1,2.7,4.3,1.4,13.5,2.1,5776,199,33882,3818,38380,2864,26528,11003,34651,4516,36151,5051,48250,13511,62625,6179,58598,4141,5.8,1.4,6.1,1.8,8.1,1.9,9.8,2,12.8,2.1,19.4,2.7,11.1,2.1,18.8,2.5,5.1,1.6,2.9,1.1,11620,,92.9,0.7,0.9,0.2,2.1,0.5,1.1,0.2,0.2,0.2,6.2,,1.3,0.7,1.5,0.6,2237,43,67.0987930263746,31.9624497094323,0.938757264193116,16.7560553633218,8.63435096714053,30.9951060358891,36.6115124679562,23.7590305290142,13.5,1.5,4685,3331,1354,71.0992529348986,28.9007470651014,2489,74.7223056139298,694,51.2555391432792,67.940234791889,14.5285935085008,58.2938388625593,57.0190641247834,77.2676371780515,95.9390862944162
53039950100,"Census Tract 9501, Klickitat County, Washington",2018,41.7,5,9.7,4.1,54.2,5.9,9.9,4.4,17.5,5.5,3426,355,30616,5779,35279,5061,13947,11377,32548,8845,37358,8885,41851,10081,68750,20085,48357,7694,11.1,4.9,6.7,3.7,8.6,3.5,13.3,3.9,12,4,20.5,5.4,16.7,4.8,8.6,3.1,1.2,1.3,1.4,1.1,8593,553,91.7,3.2,0.1,0.2,5.6,2.1,0.6,0.9,0,0.1,6.7,1.8,1.2,2.2,0.7,0.7,1708,271,74.3559718969555,25.6440281030445,0,18.7970809792844,11.2145110410095,29.6372239747634,35.9779179810726,23.1703470031546,23.5,3.6,3529,2182,1347,61.830546897138,38.169453102862,1792,82.1264894592117,556,41.2769116555308,66.5344290167186,11.3323124042879,62.2302158273381,74.5843230403801,97.4664679582713,99.6884735202492
53039950200,"Census Tract 9502, Klickitat County, Washington",2018,42.3,5.5,8.3,5.1,55.2,8,8,5.5,20,7.1,1932,273,26667,5818,33542,6637,53259,40278,30543,9740,35686,5100,40714,29925,12837,2292,49503,4198,3.6,2.2,4.2,2.3,11.5,3.9,11.6,4.3,20.1,5,19.6,5.4,12.4,5.3,9.9,4.2,6.9,4,0.2,0.2,4644,512,90,3.7,0.8,0.8,3.4,2.7,1.4,0.8,0,0.7,5.1,4.6,0.1,0.1,4.3,2.2,726,298,69.1460055096419,30.8539944903581,0,28.0925605536332,14.1186537364518,30.7472903593839,40.5590416428979,14.5750142612664,20.8,4.2,1793,1213,580,67.6519799219186,32.3480200780814,918,75.6801319043693,283,48.7931034482759,66.9827105409928,17.8571428571429,39.871382636656,75.0716332378224,82.8220858895705,99.0291262135922
53039950300,"Census Tract 9503, Klickitat County, Washington",2018,55.8,4.1,2.1,1.6,72.3,5.1,1.1,0.8,9.4,2.6,3932,303,30759,1530,31929,1896,21552,2820,40816,5919,31250,1191,39875,37104,63701,17283,63032,7365,4.1,2.1,3,1.6,6.2,2.5,11.2,3.2,15.3,5.1,20.9,5,12.3,4.5,18.5,5,4.9,3.2,3.7,2.4,8159,523,92.6,2.9,0,0.4,0.4,0.6,0.6,0.4,0,0.4,21.7,2.7,4.4,2.7,2.1,1.3,1789,260,80.715483510341,13.3035215204025,5.98099496925657,17.700548081714,12.1658670322138,17.7347498286498,26.4736120630569,43.6257710760795,12.2,2.4,3217,2267,950,70.4693814112527,29.5306185887473,1732,76.4005293339215,328,34.5263157894737,64.0348150450731,10.4575163398693,49.4331065759637,44.6351931330472,71.5220949263503,92.3137876386688
53039,"Klickitat County, Washington",2018,47.1,2.6,6.2,1.8,61.4,3.4,5.7,1.9,15,2.7,9290,445,30400,1657,33112,3049,21364,1955,33119,2987,33298,5368,41544,10147,62702,8757,54056,3710,6.9,2.2,4.8,1.7,8.3,2.1,12.2,2.2,14.9,2.7,20.4,3.4,14.1,2.6,12.6,2.4,3.8,1.6,2,1,21396,,91.7,1.3,0.2,0.2,3.1,0.7,0.8,0.2,0,0.1,12.1,,2.2,1.3,2,0.7,4223,7,76.1543926118873,21.3118636040729,2.53374378403978,20.4132778513335,12.2178293585002,25.4559367427624,33.4651192449943,28.8611146537431,18.6,2,8539,5662,2877,66.3075301557559,33.6924698442441,4442,78.4528435181915,1167,40.563086548488,65.6868485771168,12.2077922077922,52.5993883792049,63.4304207119741,84.6393034825871,96.1678832116788
41,Oregon,2018,59.4,0.4,5,0.3,74.4,0.5,4.5,0.3,12.6,0.5,2255274,13493,34358,814,40148,372,26327,815,31098,517,36161,539,51699,723,69381,2353,63426,1056,5.3,0.3,4,0.3,8.5,0.3,8.9,0.3,12.8,0.4,18.1,0.5,13.6,0.5,15.5,0.5,6.5,0.3,6.7,0.3,4190713,,83.9,0.3,2,0.1,1.2,0.1,4.6,0.1,0.4,0.1,13.3,,3.3,0.3,4.7,0.2,868403,2068,70.2251143766201,28.9830873453915,0.791798277988446,20.6731491141684,9.48133370365603,22.2129603912775,34.3485933382559,33.9571125668105,14,0.3,1639970,1024853,615117,62.4921797349952,37.5078202650048,762427,74.3937911095543,293746,47.7544922348106,64.401970767758,14.4991275058843,31.0599588821194,50.0561459312273,70.9758969503857,94.220161355948
4100021,"South Wasco County School District 1, Oregon",2017,42.9,6.9,7.9,6.2,64.7,8.2,8.1,7,18,5.6,967,177,23317,5095,26534,6041,21425,7737,,,34167,5835,31094,1349,26063,22420,42447,3208,8,3.3,5.8,2.8,12.7,4.1,12.9,4.6,22,5.8,22.2,5.6,6.9,3.3,6.1,2.3,2.6,2.6,0.8,1.2,2076,239,94.3,4.5,0.1,0.2,0.8,0.8,2.8,3.4,0.3,0.4,6.1,5.4,0,1.6,1.7,2.1,235,65,46.3829787234043,47.2340425531915,6.38297872340426,23.4791889007471,11.9420289855072,35.768115942029,40,12.2898550724638,22.8,4,914,648,266,70.8971553610503,29.1028446389497,465,71.7592592592593,130,48.8721804511278,65.0984682713348,11.4503816793893,68.6390532544379,78.8819875776398,98.9637305699482,97.3333333333333
41065970100,"Census Tract 9701, Wasco County, Oregon",2017,50.1,5.7,6.1,4.3,69.4,7.6,5.3,4.2,12.8,6.2,1777,159,32813,12897,40852,8312,,,30747,10815,44405,14327,55256,10445,65284,4637,52425,12762,4.9,4.1,6.4,4.7,10.9,4.8,11.8,4.5,10.9,4,21.8,7,15.7,7.4,8.3,3.7,5.7,3.2,3.5,2.3,4006,352,95,2.7,0.1,0.3,2.4,1.7,0.1,0.3,0,0.8,7.4,3.5,0.7,0.9,1.7,1.5,957,184,75.5485893416928,24.4514106583072,0,17.08434384263,6.70212765957447,26.7021276595745,40.1418439716312,26.4539007092199,20.7,4.4,1621,1157,464,71.3756940160395,28.6243059839605,858,74.1573033707865,173,37.2844827586207,63.6027143738433,8.36653386454183,31.6725978647687,68.361581920904,85.8757062146893,92.364990689013
41065970200,"Census Tract 9702, Wasco County, Oregon",2017,65.4,4.9,4.1,2.8,74.6,5.5,3.2,2.7,13.6,6,1634,198,27018,3809,30377,4224,25066,16257,31082,3274,34856,6454,37656,8452,26094,14097,45959,4139,4.6,3,3.3,2.4,14.4,6.1,14.8,6.2,21.9,7.7,18.1,6.1,13.2,5.3,6.7,3.6,3.1,3.1,0,2.6,3015,308,91.7,3.4,0.8,1,1.8,1.7,0.7,1,0.9,1,24.3,5.4,1.8,1.6,2.4,1.8,758,197,62.9287598944591,37.0712401055409,0,22.3880597014925,19.1245440333507,21.990620114643,35.0703491401772,23.8144867118291,16.7,4.6,1238,639,599,51.6155088852989,48.3844911147011,445,69.6400625978091,395,65.9432387312187,67.8513731825525,0,59.7014925373134,82.6568265682657,76.7857142857143,100
41065970300,"Census Tract 9703, Wasco County, Oregon",2017,61.8,5.6,5.9,5.2,76.6,5.3,4.2,3.9,4.3,2.9,1565,170,31095,2199,35000,3892,16447,15723,32155,5152,32132,5239,48571,18081,60417,17387,54000,11757,2.8,3.3,6.5,5.2,7.8,5.6,9.5,5.8,18.7,7.3,18.9,5.6,19.6,7.7,13.7,6.3,2.5,3,0,2.8,2871,264,87.3,4.4,1,1.3,0.9,0.9,3,2.6,0,1.1,12.7,3.3,5.4,3.7,2.4,2.1,678,163,56.9321533923304,43.0678466076696,0,12.7415891195419,8.66062437059416,23.3635448136959,45.7200402819738,22.2557905337362,12.5,3.9,1142,842,300,73.7302977232925,26.2697022767075,621,73.7529691211401,170,56.6666666666667,69.2644483362522,0,29.2134831460674,85.9154929577465,89.3518518518519,89.8514851485149
41065970400,"Census Tract 9704, Wasco County, Oregon",2017,47.4,5.5,6.1,4.6,67.8,8.5,4.6,4.2,12.8,5.1,1448,168,30914,4977,35488,5746,23869,10948,31116,5391,33750,9831,66975,6338,248750,12315,46833,16560,7.1,4.3,10.2,5.8,8.4,4.4,14.9,6.2,12.9,6.1,20,6.3,15.6,5.2,3.9,3.3,0.9,1.5,6.1,3.4,3358,270,90.6,6.2,1.9,1.4,0.5,0.6,0,1,0,1,21.8,5.5,5.4,5.9,1.6,2.1,810,163,88.2716049382716,11.7283950617284,0,25.1689732861281,10.5824811027123,31.9697643397065,39.6176078257003,17.8301467318808,18.9,4.2,1314,687,627,52.2831050228311,47.716894977169,515,74.9636098981077,206,32.8548644338118,54.8706240487062,7.84313725490196,52.1400778210117,53.2786885245902,58.5551330798479,100
41065970500,"Census Tract 9705, Wasco County, Oregon",2017,54.5,6.2,5.8,6,65.2,6.8,5.9,5.9,24.5,6.3,1674,211,23405,3886,27635,3021,30370,5901,22470,2314,29261,5216,40000,35770,30489,7012,40497,5318,10.6,5.3,7.2,4.5,18,6,9.9,4.6,15.6,4.9,17.5,5.4,8.9,4.9,9.6,4.3,2.7,2.1,0,2.3,3511,284,79.5,8.4,0,0.9,0.3,0.5,1,1.2,3.6,2.3,25.3,4.8,10.8,6.6,4.9,2.5,855,143,60,40,0,15.4941612076332,25.6613756613757,35.7142857142857,27.6014109347443,11.0229276895944,23.3,4.1,1387,818,569,58.9762076423937,41.0237923576063,594,72.6161369193154,255,44.8154657293497,61.211247296323,18.4668989547038,46.0122699386503,64.8148148148148,87.2427983539095,100
41065970600,"Census Tract 9706, Wasco County, Oregon",2017,51.8,6.2,13.7,6.6,65.2,7.8,14,7.7,13.6,6.3,1347,175,29323,7386,31582,5662,10450,9526,37371,5770,31056,4154,41065,16247,48958,20638,51721,8759,1.7,1.4,7.5,4.4,7.8,4.2,9.8,3.8,18.7,6.5,25.3,6.8,14.8,6.1,8,3.4,2.8,3.1,3.8,2.9,2690,251,92.1,5.8,0,1.2,0,1.2,0.5,0.7,0,1.2,26.7,6.2,6.3,5.9,1.1,2,614,114,71.4983713355049,28.5016286644951,0,13.1995368583559,15.51901336074,25.7451181911614,38.4378211716341,20.2980472764645,19.9,4.7,1029,681,348,66.1807580174927,33.8192419825073,479,70.337738619677,226,64.9425287356322,68.5131195335277,13.0434782608696,72.093023255814,59.7883597883598,84.6153846153846,91.2587412587413
41065970700,"Census Tract 9707, Wasco County, Oregon",2017,68,11,1.3,1.9,80,7.3,1.5,2.1,7.5,6.5,1101,407,30069,8234,32813,4923,17180,8030,31600,3176,33424,11953,71625,31583,52375,10932,60850,7840,2.9,2.5,2,1.8,10.7,4.7,18.8,7.1,7.6,4.2,20.9,7.1,11.2,5.4,17.4,6.5,4.7,3,3.9,2.8,1797,398,88.3,12.8,1.3,1.5,0.3,0.5,0.3,0.5,0,1.8,26.6,9.8,7.7,13.2,2.1,1.9,278,83,100,0,0,13.564875491481,19.4404591104735,29.7704447632712,25.609756097561,25.1793400286944,19.5,9.4,645,525,120,81.3953488372093,18.6046511627907,386,73.5238095238095,58,48.3333333333333,68.8372093023256,47.8260869565218,69.3548387096774,41.025641025641,68.1481481481482,97.3094170403588
41065970800,"Census Tract 9708, Wasco County, Oregon",2017,49.4,5,8.2,3,67.2,5.4,8,3.2,15.2,3.4,2085,228,27645,2988,30532,2178,21375,6347,24792,5075,31792,2312,40179,12238,41875,27331,45391,3546,7,2.1,4.7,1.9,12.8,3.1,9.9,2.7,21.6,3.6,21.3,3.8,7.3,2.5,11.6,3.8,2.7,1.5,1,0.9,4439,296,78.3,2.8,0.1,0.1,17.9,2.2,1.3,1.6,0.2,0.3,5.7,3.1,0.2,0.2,2,1.2,801,128,61.4232209737828,36.7041198501873,1.87265917602996,17.4179844229408,10.2743902439024,32.0426829268293,42.7743902439024,14.9085365853659,17.2,2.6,1759,1148,611,65.2643547470154,34.7356452529847,867,75.5226480836237,328,53.6824877250409,67.9363274587834,16.6666666666667,60.2836879432624,81.5625,97.953216374269,98.9873417721519
41065,"Wasco County, Oregon",2017,54.8,2.1,6.5,1.5,70.1,2.3,6,1.5,13.7,1.8,12631,362,29011,1967,31721,967,21015,4766,30259,1918,32133,1859,51652,9146,51792,7809,48510,2079,5.6,1.3,6.2,1.3,11.6,1.8,12,1.8,16.5,2.3,20.4,2,13.1,2,9.4,1.6,3.1,0.9,2.2,0.7,25687,,87.4,1.8,0.6,0.2,3.9,0.3,0.9,0.3,0.6,0.2,17.4,,4.3,1.6,2.3,0.5,5751,66,69.9530516431925,29.7861241523213,0.260824204486176,17.4669279764821,13.761056992498,28.7481804949054,37.7225394692644,19.7682230433322,18.6,1.5,10135,6497,3638,64.1045880611742,35.8954119388259,4765,73.3415422502694,1811,49.78009895547,64.8840651208683,12.4914675767918,50.6233062330623,72.5921137685844,82.5724104074619,95.7776975821003
41027950100,"Census Tract 9501, Hood River County, Oregon",2017,61.7,5.1,4.3,2.7,77.3,4.7,4.2,2.9,10.2,5.4,2261,299,26492,3271,28566,4490,26250,7920,21495,4747,26231,4610,41750,6559,76806,58396,54940,9991,4.4,2.7,2.3,1.9,7,3.1,9.2,4.9,19.6,6.8,19.1,5.9,18.5,7.3,12.1,4.7,5.6,3.7,2.1,1.9,4191,564,88.9,6.5,0,0.8,0.4,0.4,3.2,2.4,0,0.8,24.7,6.4,5.5,6,2,1.8,887,305,87.7113866967306,12.2886133032695,0,12.2497365648051,18.2972880192242,22.4510813594233,35.3244078269825,23.9272227943701,13.7,3.5,1406,978,428,69.5590327169275,30.4409672830725,744,76.0736196319019,187,43.6915887850467,66.2162162162162,11.7647058823529,46.1038961038961,48.3636363636364,96.2825278810409,88.8015717092338
41027950200,"Census Tract 9502, Hood River County, Oregon",2017,62.1,4.4,6.3,3.3,79.7,4.8,5.6,2.9,9.3,5,3819,376,34059,6173,38396,4863,19750,9038,39068,11836,32800,7286,47167,6986,55987,16611,70522,9861,2.1,1.9,6.8,4.9,7.2,4.9,9.4,4.6,9.2,3.6,19.4,5.7,20.8,7,11.7,4.6,6.7,3.6,6.7,3.1,6862,478,89.1,4.6,0,0.5,0.4,0.5,3.2,1.7,0,0.5,19.1,4.3,6.1,4.1,1.2,1,1537,324,62.9798308392973,33.181522446324,3.83864671437866,22.372528616025,13.4623301770276,20.152326060107,30.1564429806505,36.2289007822149,6.5,2.2,2801,2067,734,73.7950731881471,26.2049268118529,1625,78.6163522012579,210,28.6103542234332,65.5123170296323,38.0952380952381,38.9880952380952,64.2857142857143,55.9322033898305,91.2529550827423
41027950300,"Census Tract 9503, Hood River County, Oregon",2017,63.7,5,0.4,1,79.9,5.2,0.4,1,21.5,9.9,3052,360,31118,7314,35359,5944,,,32663,20983,28158,8113,51071,14160,52112,6162,48462,7676,5.6,4.4,3.8,2.6,13.5,6.4,10.9,4.1,18.8,7.1,17.5,6,7.4,3.7,14.5,5.3,2.9,2.1,5,2.7,5841,413,91.8,4.1,0.2,0.4,0.1,0.3,0.7,0.6,0,0.6,32,9.8,2.6,3.6,4.6,2.7,1594,449,58.7202007528231,41.2797992471769,0,22.5666782126775,19.4025834230355,22.2012917115178,20.1291711517761,38.2669537136706,11.1,3.4,2442,1077,1365,44.1031941031941,55.8968058968059,804,74.6518105849582,782,57.2893772893773,64.946764946765,38.0645161290323,33.4065934065934,59.6371882086168,85.5140186915888,94.238683127572
41027950400,"Census Tract 9504, Hood River County, Oregon",2017,63.4,4.4,8.5,4.2,74.7,5.4,8.2,4.7,7.6,3.7,3458,361,22977,2305,24442,2958,21312,3686,28825,6102,23944,3128,39167,23762,,,58114,7982,0.6,0.9,2.1,1.8,6.1,3.1,14.3,6.3,16.8,5.4,23.8,5.7,10.1,4,15.9,5.3,6.5,3.3,3.7,2.3,6044,529,80.2,7,0.2,0.3,1.7,1.4,0.6,0.5,0.1,0.2,48.3,7.3,13.3,6.6,3.8,2.6,1484,388,83.9622641509434,16.0377358490566,0,11.2176073837416,31.3136456211813,25.8146639511202,22.9378818737271,19.9338085539715,9.9,2.7,1894,1329,565,70.168954593453,29.831045406547,969,72.9119638826185,190,33.6283185840708,61.1932418162619,40.9090909090909,46.9387755102041,68.5258964143426,69.5348837209302,91.0569105691057
41027,"Hood River County, Oregon",2017,62.8,2.3,5.1,1.6,78,2.9,4.7,1.6,12.1,3.3,12590,395,27355,2736,31626,1654,21896,3858,30750,6542,27470,5422,45653,5699,54785,9032,57269,3838,3.1,1.4,4.2,1.9,8.7,2.5,10.9,2.5,15.3,3,19.8,3.2,14.2,3.1,13.5,2.5,5.4,1.4,4.8,1.4,22938,,87.4,2.4,0.1,0.1,0.7,0.4,1.9,0.5,0,0.1,31.1,,7,2.3,2.9,0.8,5502,179,71.3922210105416,27.5354416575791,1.07233733187932,17.8058456066755,20.3567953292248,22.5235160557898,26.8764190723321,30.2432695426533,9.9,1.1,8543,5451,3092,63.8066253072691,36.1933746927309,4142,75.9860576041093,1369,44.2755498059509,64.5089546997542,33.8422391857506,39.0885188431201,59.8340248962656,73.642943305187,91.5118513773222
41055950100,"Census Tract 9501, Sherman County, Oregon",2017,53.1,3.7,4.9,2.9,72.9,4.6,5.1,3,13.7,3,875,80,26926,3658,30143,4137,,,27396,7260,28571,4609,50341,16902,,,42074,7268,8.7,3.1,6.3,2.1,14.5,4.2,12.7,3.7,14.2,3,16.7,3.9,12.2,3,6.8,2.4,1.7,1.1,6.2,2.6,1635,129,96.1,1.9,0.8,0.5,0.8,0.5,0.1,0.2,0,2,4.5,2.9,0,2,2.1,1.5,242,56,70.6611570247934,28.5123966942149,0.826446280991736,24.3526510480888,7.1264367816092,35.7854406130268,39.4636015325671,17.6245210727969,19.2,3.2,779,497,282,63.7997432605905,36.2002567394095,394,79.2756539235413,127,45.0354609929078,66.8806161745828,22,55.2941176470588,85.4166666666667,97.5609756097561,100
41055,"Sherman County, Oregon",2017,53.1,3.7,4.9,2.9,72.9,4.6,5.1,3,13.7,3,875,80,26926,3658,30143,4137,,,27396,7260,28571,4609,50341,16902,,,42074,7268,8.7,3.1,6.3,2.1,14.5,4.2,12.7,3.7,14.2,3,16.7,3.9,12.2,3,6.8,2.4,1.7,1.1,6.2,2.6,1635,129,96.1,1.9,0.8,0.5,0.8,0.5,0.1,0.2,0,2,4.5,2.9,0,2,2.1,1.5,242,56,70.6611570247934,28.5123966942149,0.826446280991736,24.3526510480888,7.1264367816092,35.7854406130268,39.4636015325671,17.6245210727969,19.2,3.2,779,497,282,63.7997432605905,36.2002567394095,394,79.2756539235413,127,45.0354609929078,66.8806161745828,22,55.2941176470588,85.4166666666667,97.5609756097561,100
41031940000,"Census Tract 9400, Jefferson County, Oregon",2017,39.5,5.5,27.1,6.2,44.8,6.1,26,6.3,41.2,8,1384,179,23333,3680,27956,2977,23750,6689,17083,9094,31949,3501,36500,36388,48250,24838,40043,6804,13.7,4.9,8.8,3.5,12.5,4.5,7.8,3.9,18.2,4.8,18.1,4.3,13,5.2,5,3.2,1.7,1.6,1.3,1.8,3776,228,5.2,1.7,0.7,0.9,90.4,3.3,0.2,0.3,1.7,2.5,6.5,3.3,0.4,0.5,1.5,1.7,1330,110,26.9172932330827,73.0827067669173,0,4.06350914962325,17.7411536597189,29.0838584585555,45.0315075133301,8.14348036839554,13.9,2.5,879,551,328,62.6848691695108,37.3151308304892,467,84.7549909255898,144,43.9024390243902,69.5108077360637,35.0710900473934,74.5901639344262,80.5369127516778,92.2077922077922,100
41031960100,"Census Tract 9601, Jefferson County, Oregon",2017,37.7,7.4,6,4.9,41.2,8.3,6.9,5.4,13.2,6.1,930,156,28444,3582,30962,4463,23333,16802,24924,7384,30500,12497,29444,23476,,,59688,11060,4.1,3.8,0,5.5,14.2,7.8,16.2,9.1,8.1,4.8,22.1,9,11.2,6.5,14.5,9,6.6,6.6,2.9,2.2,2277,304,87.7,4.7,3.3,1.8,3.2,2.6,0,1.4,0,1.4,7.3,4.2,3.1,3.3,2.8,2.7,320,86,71.5625,28.4375,0,12.4539877300614,9.49506037321625,35.3457738748628,36.5532381997805,18.6059275521405,11,4.5,579,436,143,75.3022452504318,24.6977547495682,295,67.6605504587156,99,69.2307692307692,68.0483592400691,6.09756097560976,62.7118644067797,95.7446808510638,65.8119658119658,94.6078431372549
41031960201,"Census Tract 9602.01, Jefferson County, Oregon",2017,58.8,8.2,12.1,6.9,70.4,9,12.9,7.7,19.7,7.5,1635,226,20720,3667,21490,2781,15806,11327,19375,7728,30810,4550,,,,,32703,6939,10,5.4,9.5,5.9,20,7.4,13.9,7.3,16,6.2,9.6,5.2,17.2,7,2.3,2.7,1.5,1.9,0,2.8,3317,373,76.2,8.1,0,1,2.1,1.9,0.2,0.4,0,1,41.7,5.5,18.8,7.4,2.7,1.8,959,203,52.7632950990615,47.2367049009385,0,13.0841121495327,22.9571984435798,37.5,27.0428015564202,12.5,13.8,3.3,1153,540,613,46.8343451864701,53.1656548135299,369,68.3333333333333,316,51.5497553017945,59.4102341717259,21.4545454545455,31.9402985074627,96.7391304347826,89.1891891891892,100
41031960202,"Census Tract 9602.02, Jefferson County, Oregon",2017,40.9,5.4,11.7,5.6,54.1,8,12.8,6.6,21.3,7.3,2259,322,25184,4067,31953,10558,33036,20282,20054,10292,34737,11258,64205,15386,47679,16231,48047,14546,8.7,5.6,3.8,3,14.5,6.4,9.6,5.1,14.7,5.1,17.8,7.1,17.8,6.2,8.7,5.4,2,2,2.3,2.4,5092,413,82,6.9,1.1,1.2,6.7,3.1,1.6,1.4,0.2,0.4,23.9,4.7,8.2,6,0.4,0.5,1141,230,61.3496932515337,36.546888694128,2.1034180543383,19.4071700380533,17.5290697674419,27.7616279069767,35.5523255813954,19.156976744186,18.5,5.1,1820,1089,731,59.8351648351648,40.1648351648352,900,82.6446280991736,332,45.4172366621067,67.6923076923077,8.55018587360595,47.5,67.5373134328358,100,100
41031960301,"Census Tract 9603.01, Jefferson County, Oregon",2017,40.2,5.4,6.8,4,60.3,7.3,6.3,4.2,12.3,6,1607,193,35020,11661,36967,9341,50284,43564,27273,10729,32292,14217,60109,46787,46063,22074,56516,7793,4.6,3,4,3.1,5.8,3.1,13.7,5.7,17.5,6.9,22.8,5.1,11.4,3.9,15.2,5,2.4,1.7,2.7,2.6,3470,314,93.6,3.8,0.2,0.3,1,1.7,0.3,0.3,0,0.9,3.9,3.4,1.2,1.3,3.8,2.4,342,136,50.2923976608187,43.5672514619883,6.14035087719298,18.4726224783862,5.63002680965148,25.6702412868633,48.1903485254692,20.5093833780161,21.8,4.8,1619,1422,197,87.8319950586782,12.1680049413218,1028,72.2925457102672,82,41.6243654822335,68.5608400247066,16.9934640522876,36.3636363636364,65.3710247349823,85.1428571428571,98.4405458089669
41031960302,"Census Tract 9603.02, Jefferson County, Oregon",2017,52.9,3.7,7.6,2.7,69.5,3.4,6.6,2.4,14.2,4.8,2140,195,27061,2710,32326,3464,29205,9237,29554,5207,26654,5171,56607,12523,53542,11325,55208,3741,4.7,2.1,1.6,1.2,9.7,3.1,15,3.5,13.2,4.6,22,4.8,12.9,3.9,15.4,4.2,2.8,1.6,2.8,1.7,4775,275,78.4,4.9,0.5,0.7,1.4,0.8,0.9,0.8,0.2,0.3,28.1,3.9,14.1,4,4.4,2.6,1342,174,78.9120715350224,21.0879284649776,0,10.1573976915005,13.8671875,32.4869791666667,34.86328125,18.7825520833333,14.9,2.7,1578,1205,373,76.362484157161,23.637515842839,906,75.1867219917013,166,44.5040214477212,67.9340937896071,28.6624203821656,44.1558441558442,63.4920634920635,83.3333333333333,94.1729323308271
41031,"Jefferson County, Oregon",2017,45.1,2.3,11.9,2.4,57.3,3.3,11.9,2.7,20.9,2.8,9955,435,25441,1599,29548,2610,24643,3290,23051,2356,31094,2864,52688,17410,49471,4879,48464,3467,7.4,2,4.5,1.4,12.2,2.4,12.5,2.3,15.1,2.6,18.9,2.5,14.3,2.4,10.5,2.1,2.5,1,2.1,0.9,22707,,70,1.8,0.8,0.3,17.6,0.8,0.6,0.3,0.4,0.4,19.8,,8.1,1.7,2.5,0.8,5434,59,55.6496135443504,43.5222672064777,0.828119249171881,13.165227719154,14.3032972727862,30.6665802940986,38.109736347736,16.9203860853793,16.2,1.6,7628,5243,2385,68.7336130047195,31.2663869952805,3965,75.6246423803166,1139,47.7568134171908,66.9113791295228,20.2266782911944,44.7171097477846,74.0178571428572,87.600291757841,97.7638640429338
53059950100,"Census Tract 9501, Skamania County, Washington",2017,50.4,15.2,15.7,17,60.2,16.7,0,38.6,5.1,6.5,64,28,,,,,,,,,30568,17282,160455,106569,,,65625,40295,0,39.3,0,39.3,3.5,4.9,31.6,26.3,5.3,10.2,17.5,21.2,8.8,13.7,14,14.2,19.3,26.3,0,39.3,158,68,98.1,3.6,0,18.5,1.9,3.6,0,18.5,0,18.5,0,18.5,0,18.5,0,18.5,41,34,100,0,0,13.2911392405063,2.83018867924528,20.7547169811321,43.3962264150943,33.0188679245283,3.8,6,57,53,4,92.9824561403509,7.01754385964912,28,52.8301886792453,4,100,56.140350877193,,25,100,40,83.3333333333333
53059950200,"Census Tract 9502, Skamania County, Washington",2017,54,3.7,6,2,68.2,4,4.6,1.9,9.1,2.4,2355,198,35743,3170,41336,6323,32955,17145,35385,7285,35771,5224,49605,9289,59323,5068,63115,4686,4.4,2.3,3.4,2.2,7.4,2.1,10.6,3.9,11.2,2.9,24.1,5.4,14.3,4.7,15,3.2,7.1,3.3,2.4,1.5,4643,256,93.9,1.7,1.6,0.8,1.4,0.9,1.2,0.9,0,0.7,1.4,0.8,0.5,0.4,1.4,1,862,125,74.9419953596288,23.5498839907193,1.50812064965197,19.5132457462847,6.68587896253602,28.0115273775216,40.5475504322767,24.7550432276657,12.4,1.8,1884,1444,440,76.6454352441614,23.3545647558386,1075,74.4459833795014,222,50.4545454545455,68.8428874734607,14.5945945945946,46.8164794007491,66.3366336633663,78.47533632287,91.6782246879334
53059950300,"Census Tract 9503, Skamania County, Washington",2017,44.1,5,8.5,3.7,58.9,6.1,7.7,3.7,17.7,4.5,840,125,31048,4680,35333,5591,40375,17988,31667,6932,23375,4975,35982,8818,58333,10984,45170,11014,14.8,5.2,7.5,3.8,10.2,4,11.5,4.4,11.1,5,23.4,5.2,9.3,3.9,8.4,3,2.5,1.2,1.3,1.5,1864,173,94.1,2.9,1.1,1.5,1.7,1.3,1.1,1.6,0,1.7,2.9,1.6,0.3,0.5,1.7,1.6,305,77,62.6229508196721,34.0983606557377,3.27868852459016,25.0684181718665,11.5223463687151,30.4469273743017,35.3351955307263,22.695530726257,17.6,3.2,845,510,335,60.3550295857988,39.6449704142012,375,73.5294117647059,163,48.6567164179105,63.6686390532544,28.4974093264249,52.8169014084507,58.5106382978723,86.3636363636364,100
53059950400,"Census Tract 9504, Skamania County, Washington",2017,50.9,4.8,4.6,2.1,64.6,6.4,5.2,2.4,12.9,6.1,1074,122,30238,5538,33295,6539,24423,7251,29375,8019,35769,21533,41875,27985,47167,18847,54702,7085,5.3,3.4,5.7,3.2,8.8,4.2,16,5.7,11.2,4.4,17.4,4.8,11.8,3.9,15.3,4.3,4.4,2.3,4.2,3.2,2134,182,94,3,0.5,0.9,0.2,0.3,0.7,0.9,0,1.5,12.4,3.9,3,2.4,1.5,1.2,393,128,66.412213740458,33.587786259542,0,14.9953139643861,11.0776640577965,28.5370258880193,30.8850090307044,29.5003010234798,15.7,3.8,913,619,294,67.7984665936473,32.2015334063527,505,81.5831987075929,136,46.2585034013605,70.2081051478642,23.5294117647059,60.9589041095891,72.1649484536083,93.421052631579,98.7341772151899
53059950500,"Census Tract 9505, Skamania County, Washington",2017,53.9,5.7,5.9,4.1,66.7,6.6,4.8,3.7,18.2,5.9,1268,187,27955,4578,36481,3473,16307,8663,35208,12664,38011,5124,,,70764,8187,38923,1710,10.8,5.1,9.6,5.3,10.5,6.4,7.5,4.9,22.6,8.5,10.6,5,9,4.8,12.5,5.7,5.2,4.2,1.8,2.4,2699,244,89.3,4.2,0,1.2,6.4,2.3,1.4,1.9,0.2,0.5,11.2,4,2.1,2.7,0.5,0.6,681,158,59.9118942731278,40.0881057268723,0,12.5560538116592,12.8977272727273,31.0795454545455,41.8181818181818,14.2045454545455,15.8,4.5,1014,639,375,63.01775147929,36.9822485207101,395,61.8153364632238,155,41.3333333333333,54.2406311637081,9.01960784313725,52.212389380531,37.2727272727273,90.6542056074766,100
53059,"Skamania County, Washington",2017,51.7,2.1,6.2,1.5,65.6,2.7,5.1,1.4,13.3,2.1,5601,194,32315,2153,36935,1779,23929,7996,33406,4128,35430,4795,49837,12063,59077,3343,53606,3175,7.8,1.6,5.9,1.7,8.8,1.9,11.4,2.4,13.6,2.4,19.7,2.8,11.7,2.4,13.3,2.2,5.5,1.6,2.4,1,11498,,92.9,0.8,0.9,0.1,2.4,0.5,1.1,0.3,0,0.1,6,,1.3,0.8,1.2,0.6,2282,35,67.7914110429448,31.2007011393514,1.00788781770377,17.844028676342,9.62154466722031,29.0781824652984,38.0590817416064,23.241191125875,14.5,1.3,4713,3265,1448,69.2764693401231,30.7235306598769,2378,72.833078101072,680,46.9613259668508,64.8843624018672,17.686170212766,51.3081395348837,55.8441558441558,83.6801752464403,95.5613577023499
53039950100,"Census Tract 9501, Klickitat County, Washington",2017,40.2,5.2,10.3,3.4,51.7,6.6,9.9,3.6,18.8,5.8,3584,431,22251,2568,30226,6468,,,23026,3965,36761,9198,37656,15921,61833,27644,44208,9017,12,5,7.8,3.8,8.7,3,12,4,12.7,4.7,24,6.3,12.2,3.8,8.3,3.5,1.6,1.8,0.6,0.6,8647,499,89.8,2.6,0.1,0.2,6.5,1.8,0.5,0.8,0,0.4,6.9,2.2,1.4,2.1,1.5,1,1752,297,69.0639269406393,30.9360730593607,0,16.4463679962569,12.3331214240305,30.8804831532104,36.8722186904005,19.9141767323586,22.5,3.6,3403,2165,1238,63.6203349985307,36.3796650014693,1705,78.7528868360277,427,34.4911147011309,62.6506024096386,13.622754491018,71.0172744721689,58.6046511627907,88.1648936170213,99.604743083004
53039950200,"Census Tract 9502, Klickitat County, Washington",2017,46.8,5.4,2.6,1.7,61.1,6.9,3,1.9,17.5,6.4,2078,315,26556,3641,30952,6047,51176,31532,29223,5731,34181,9935,,,11600,2410,48455,3467,3.4,1.7,2.7,1.4,10.7,4.2,13.4,5.2,22.3,5.2,21.6,5.8,9.3,4.7,10.3,4.2,5,4.1,1.2,1.8,4623,486,92.5,2.7,0.4,0.5,2.3,1.9,1.3,0.7,0,0.7,6.3,5,0,0.1,3.4,1.5,730,292,70.4109589041096,29.5890410958904,0,25.7223549858788,12.8596087456847,34.1484464902186,39.5857307249712,13.4062140391254,21.1,4.3,1783,1235,548,69.2652832305104,30.7347167694896,936,75.7894736842105,256,46.7153284671533,66.8536174985979,20.7100591715976,47.3186119873817,72.0626631853786,79.0368271954674,100
53039950300,"Census Tract 9503, Klickitat County, Washington",2017,55.3,4.2,1.5,1.3,71,5.1,0.9,0.9,9.1,2.9,3723,322,30813,1306,31443,1249,20231,3151,40056,12188,30444,1836,48103,26791,60784,19231,60908,6458,3.9,2.1,3.5,2.1,7.7,3.3,12.9,5.1,11.5,5.1,20.2,5.4,13.7,4.3,18.1,4.8,4.7,3,3.7,3,7902,456,91.9,4.1,0.4,0.8,0.2,0.3,0.6,0.5,0,0.4,21.2,3.6,5.8,3.8,1.2,0.9,1765,258,81.4730878186969,12.0113314447592,6.51558073654391,19.0758141330931,12.5089094796864,20.3848895224519,26.960085531005,40.1461154668567,12.9,2.8,3061,2172,889,70.9572035282588,29.0427964717413,1621,74.6316758747698,355,39.9325084364454,64.5540672982685,13.8888888888889,37.2509960159363,49.7142857142857,69.5121951219512,95.0487012987013
53039,"Klickitat County, Washington",2017,47.2,3.1,5,1.6,60.9,3.8,4.7,1.6,14.9,3.1,9385,526,27177,2457,31158,1168,20450,3157,29931,3580,31567,2815,39107,9979,58816,10955,51258,2597,7.1,2.3,5.1,1.8,8.8,2,12.7,3.1,14.3,3,22.1,3.4,12.1,2.3,12.4,2.5,3.5,1.7,1.9,1.2,21172,,91.2,1.8,0.3,0.4,3.2,0.5,0.7,0.3,0,0.2,12.1,,2.8,1.7,1.8,0.6,4247,5,74.4525547445256,22.8396515187191,2.70779373675536,19.463696764017,12.5162548764629,27.7893368010403,33.8686605981795,25.8257477243173,18.6,2,8247,5572,2675,67.563962653086,32.436037346914,4262,76.4895908111989,1038,38.803738317757,64.2657936219231,14.7286821705426,52.7611940298507,60.3611349957008,79.8689696247767,97.3802701596398
41,Oregon,2017,59.1,0.4,5.1,0.3,73.9,0.5,4.7,0.3,13.2,0.5,2220539,14489,32137,307,37424,464,24475,1077,30352,454,35272,587,48567,1502,64380,3017,60212,796,6.4,0.3,4.3,0.3,9,0.3,9.1,0.4,12.9,0.3,18.7,0.5,13.2,0.4,14.6,0.4,6,0.3,5.7,0.2,4142776,,84.4,0.3,1.9,0.1,1.2,0.1,4.4,0.1,0.4,0.1,13.1,,3,0.3,4.8,0.2,870422,2191,70.1388521889383,29.0359159120519,0.825231899009905,20.08882807583,9.04389398161792,23.2252571785075,34.0062284679244,33.7246203719502,14,0.3,1603635,1007015,596620,62.795773352415,37.204226647585,732316,72.721458965358,272153,45.6158023532567,62.6370090450757,11.926822921507,31.1092845901303,50.8316989548129,72.5265949381165,94.0528452705703
4100021,"South Wasco County School District 1, Oregon",2016,43.7,7.2,7.6,5.1,64.1,7.4,7.6,5.9,19.6,5.6,1034,230,21875,4574,25571,3845,20774,9461,17375,12793,31281,4342,30547,11874,,,40000,5628,7.9,3.1,5.7,3.3,12.1,3.7,18.5,5.2,21.2,5.2,21,6.1,6.2,2.3,4.5,1.8,3,2.8,0,3.3,2182,275,0,1.5,0.3,0.6,3.4,2.9,1.5,2.1,0,1.5,94.6,5.3,0,1.5,0,1.5,214,79,33.1775700934579,59.8130841121495,7.00934579439252,26.1484098939929,12.3650107991361,37.1490280777538,37.0950323974082,13.3909287257019,23.8,4.4,964,642,322,66.597510373444,33.402489626556,462,71.9626168224299,149,46.2732919254658,63.3817427385892,18.75,64.4859813084112,82.7160493827161,96.8586387434555,96.2121212121212
41065970100,"Census Tract 9701, Wasco County, Oregon",2016,54.1,6.2,4.3,2.7,75.3,7.3,3.8,3,12.2,5.4,1976,238,29868,6361,35625,9732,22125,8857,30665,4603,30441,18271,53977,10143,64844,31861,54453,8764,5.7,4.3,4,2.3,8.9,5,13.4,4.7,12.7,4.5,19.8,6.4,18.6,6.7,9.8,4.6,4,2.7,3,2,4208,326,0,0.8,0,0.8,0,0.8,0,0.8,3.5,4.6,88.9,5.8,0.1,0.3,0.3,0.5,974,181,70.5338809034908,29.4661190965092,0,15.7317695053544,7.45750953867499,27.4020117932709,40.6174124176205,24.5230662504336,20,5,1614,1115,499,69.0830235439901,30.9169764560099,865,77.5784753363229,166,33.2665330661323,63.8785625774473,12.6168224299065,33.0985915492958,66.3414634146342,85.9375,91.3919413919414
41065970200,"Census Tract 9702, Wasco County, Oregon",2016,63.2,4.5,4.6,3.2,75.4,5,3.5,3,13.3,5.3,1579,191,25913,3123,27452,4249,25549,9960,22379,11526,33207,10442,35772,3827,,,45729,3841,5.4,3.3,2.6,2.1,11.6,4.7,17.4,6.9,22.4,7.5,15.6,5.7,17,6.8,5.1,3.3,2.9,3.5,0,2.8,2870,273,0.3,0.5,0,1.1,0.5,0.8,0,1.1,1.2,1.4,79.8,4.6,0,1.1,0,1.1,696,168,61.9252873563218,38.0747126436782,0,22.1254355400697,18.0185084376701,25.6396298312466,34.6216657593903,21.720195971693,16.1,5.1,1138,598,540,52.5483304042179,47.4516695957821,479,80.1003344481605,318,58.8888888888889,70.0351493848858,0,58.1967213114754,87.5502008032129,90.3954802259887,100
41065970300,"Census Tract 9703, Wasco County, Oregon",2016,60.5,7.3,5.7,4.6,75,6.5,4.3,3.2,9.6,5,1485,194,30448,4100,32011,3313,,,30792,4640,31955,3322,41204,10069,57188,17823,50972,11802,3.4,3.2,6.2,4.2,8.9,5.5,10.3,6.4,19.9,6.5,21.2,7.1,19.6,7.9,8,3.5,1.4,1.7,1,1.7,3031,320,0,1.1,0,1.1,0.7,0.7,0,1.1,9.6,8,83.7,8.3,0,1.1,0.1,0.2,922,209,63.6659436008677,36.3340563991323,0,11.5137148662377,11.3924050632911,24.2025316455696,43.3924050632911,21.0126582278481,13.3,4.2,1132,809,323,71.4664310954064,28.5335689045936,542,66.9962917181706,140,43.343653250774,60.2473498233216,0,33.3333333333333,65.4377880184332,93.75,84.5425867507887
41065970400,"Census Tract 9704, Wasco County, Oregon",2016,46.8,5.7,7.7,4.8,63.9,8.6,9,5.6,14.2,5.5,1426,175,28239,6859,31638,3569,10679,5466,30915,4598,31176,7359,67222,9612,,,40813,9111,6.4,3.7,13.1,6.3,10.5,4.7,12.7,6,16.3,5.3,17.2,6.9,14.9,4.9,4.2,2.7,0.9,1.3,3.9,3.3,3243,245,0.2,0.4,0.2,0.4,0.8,0.9,0.5,0.8,1.3,1.3,82.1,4.4,0,1,0,1,722,162,84.9030470914128,15.0969529085873,0,22.7593152064451,13.6786188579017,34.0858787073927,35.76803895529,16.4674634794157,21.3,4.7,1286,628,658,48.8335925349922,51.1664074650078,473,75.3184713375796,215,32.6747720364742,53.4992223950233,8.07017543859649,50.8196721311476,63.3136094674556,57.4660633484163,100
41065970500,"Census Tract 9705, Wasco County, Oregon",2016,50.9,5.4,7.5,7.2,64,6.7,7.4,6.9,19.8,5.8,1578,221,22857,3299,27656,3126,28512,11689,22926,3493,29715,3489,38750,30875,24076,16599,40389,3830,11.7,5,3.2,2.7,15.5,4.9,13.6,5.5,16.9,5.8,24.6,6.1,6.4,3.8,7.1,3.9,0.9,1.1,0,2.4,3418,273,0,0.9,0.3,0.5,1.3,1,0,0.9,5.1,4.9,78.2,6.5,0,0.9,0,0.9,753,148,75.8300132802125,24.1699867197875,0,15.4183733177297,22.3190932868352,36.4864864864865,31.4298169136879,9.76460331299041,23.2,5.2,1325,833,492,62.8679245283019,37.1320754716981,638,76.5906362545018,173,35.1626016260163,61.2075471698113,19.2028985507246,48.951048951049,70.9821428571429,85.8974358974359,100
41065970600,"Census Tract 9706, Wasco County, Oregon",2016,50.1,7.4,16.2,8.8,62.2,9.2,17.4,9.6,16.1,8,1321,221,25346,6471,30442,7362,,,35000,8653,28409,5617,41842,9002,48472,13955,51194,10191,3,1.8,8.5,4.4,5.7,3.7,16.5,6.5,13.1,6.4,25,7.2,14,5.8,10,3.6,3.3,3.4,0.9,1.2,2640,315,0,1.2,0.1,0.2,0.8,0.7,0,1.2,5.9,4.5,75.2,7,0,1.2,0,1.2,606,137,71.2871287128713,28.7128712871287,0,14.0557518649391,17.901878914405,23.1732776617954,35.9081419624217,23.0167014613779,19,7.1,1000,698,302,69.8,30.2,490,70.2005730659026,171,56.6225165562914,66.1,12.9251700680272,66.2921348314607,63.7795275590551,84.8,88.8461538461539
41065970700,"Census Tract 9707, Wasco County, Oregon",2016,68.1,14.5,3.9,3.5,82.1,9.6,4.3,3.7,14.6,13.8,1040,583,22125,12523,26511,10492,21031,5956,30880,4575,27098,10512,87750,13901,58304,4133,59471,13411,3.1,2.6,2.5,2,8.6,4,20.3,8.1,9.4,4.7,17.3,5.4,10.7,5.6,19.4,6.6,5.1,3.5,3.6,2.8,1683,577,0,1.9,0,1.9,0.2,0.5,0,1.9,2.4,3.2,68.7,24.5,0,1.9,0.4,0.5,234,87,100,0,0,18.6177715091678,18.6482084690554,31.3517915309446,32.8990228013029,17.1009771986971,14.7,6.8,607,477,130,78.5831960461285,21.4168039538715,346,72.5366876310273,56,43.0769230769231,66.2273476112026,34.5454545454546,57.6923076923077,43.5897435897436,72.3809523809524,96.8468468468468
41065970800,"Census Tract 9708, Wasco County, Oregon",2016,49.5,5,8.4,3,66.6,4.8,8,3.4,15.8,3.5,2169,312,26021,1666,28750,3283,20446,7993,23611,5372,31250,1658,36964,15212,42917,20580,43431,3818,7.2,2.4,4.8,2.3,12.2,2.6,13.4,3.2,19.4,3.7,22.6,4.6,9.3,3.6,8.2,2,2.2,1.7,0.7,0.7,4564,394,0,0.7,0.2,0.3,1.6,1.4,0.7,1,0.1,0.1,94.7,3.1,0,0.7,0,0.7,792,143,56.1868686868687,41.9191919191919,1.89393939393939,18.0609672243869,10.5340375586854,34.0082159624413,39.7887323943662,15.669014084507,17.1,2.7,1781,1152,629,64.6827624929815,35.3172375070185,869,75.4340277777778,322,51.1923688394277,66.8725435148793,20.4918032786885,59.3373493975904,82.6989619377163,95.9239130434783,98.5994397759104
41065,"Wasco County, Oregon",2016,54.2,2.2,7.2,1.7,70,2.4,7,1.8,14.5,2,12574,398,26252,1011,30286,1083,20298,4499,28397,2956,30886,1432,45000,7695,52188,9732,46814,2168,6.1,1.3,5.7,1.2,10.6,1.6,14.2,1.9,16.7,1.6,20.7,2.2,13.8,2.1,8.3,1.4,2.4,0.8,1.6,0.6,25657,,0.1,0.1,0.1,0.1,0.8,0.3,0.2,0.2,3.5,1.4,83.3,,0,0.1,0.1,0.1,5699,157,70.1877522372346,29.5490436918758,0.26320407088963,17.1924805884757,14.1741573033708,29.9662921348315,37.3089887640449,18.5505617977528,18.4,1.4,9883,6310,3573,63.8470100172013,36.1529899827987,4702,74.5166402535658,1561,43.6887769381472,63.3714459172316,12.8016085790885,50.9516041326808,72.3502304147466,85.09784244857,94.4691158659669
41027950100,"Census Tract 9501, Hood River County, Oregon",2016,58.3,5.4,5.1,3.2,75.1,5.8,5.2,3.5,12.2,5.5,2020,285,25091,5523,26473,2641,25163,8555,17917,6456,26229,4603,40551,8917,121250,99829,51370,4728,5.6,3.5,3,2.7,8.2,3.2,12.1,5.2,18.1,5.9,22.5,4.6,14.8,5.5,8.2,4,4.7,3.3,3,2.5,3909,504,0,0.8,0,0.8,1.5,1.4,0.6,1,3.4,4.5,79.4,8,0,0.8,0.6,1.1,806,259,81.7617866004963,18.2382133995037,0,14.5096921322691,16.6289592760181,21.2669683257919,37.1417797888386,24.9622926093514,15.8,3.6,1322,913,409,69.0620272314675,30.9379727685325,681,74.5892661555312,163,39.8533007334963,63.8426626323752,11.2426035502959,38.2022471910112,67.7824267782427,95.0381679389313,85.6435643564357
41027950200,"Census Tract 9502, Hood River County, Oregon",2016,61.3,4.1,4,2.4,77.1,4.9,3.7,2.3,9,4.8,3663,330,31711,3183,33573,4908,25396,11488,32806,8580,31291,4881,47804,7999,53728,7471,69515,12536,2.5,2.1,4.1,3.2,6.4,4.5,10.8,5.6,9.9,4.3,18.5,4.8,23.6,6.2,12.1,4.7,5.3,2.9,6.8,3.3,6660,626,0,0.5,0,0.5,3.2,2.2,0,0.5,2.4,2.3,84.6,5,0,0.5,0,0.5,1426,351,61.1500701262272,34.5021037868163,4.34782608695652,21.8496401776145,13.7533456866378,22.0918262301832,25.7772287420218,38.3775993411571,7.8,2.4,2603,1893,710,72.7237802535536,27.2762197464464,1524,80.5071315372425,237,33.3802816901409,67.6527084133692,25.0965250965251,48.3443708609272,59.6638655462185,63.9658848614073,90.3752039151713
41027950300,"Census Tract 9503, Hood River County, Oregon",2016,64.3,5.2,1.8,1.7,77.5,5.9,1.1,1.3,24.3,8.1,3061,360,24459,4510,30560,6698,16901,6153,25452,8893,26000,6053,58105,12103,45563,10491,46523,7155,7.7,4.8,3,2.2,17.8,6.6,11.9,5.5,13.6,5.6,17.6,5.7,8.7,4.5,11.5,4.1,3.3,2.5,4.9,3.1,5795,406,0,0.6,0,0.6,1.1,0.7,0.3,0.4,3.9,4.7,70.4,7.9,0.4,0.7,0,0.6,1533,408,58.8388780169602,41.1611219830398,0,23.2850410193751,17.7406308978161,25.4785656511189,20.8411970881639,35.9396063629011,10.8,3,2363,1126,1237,47.6512907321202,52.3487092678798,829,73.6234458259325,627,50.6871463217462,61.6165890816758,31.9201995012469,28.8343558282209,66.1184210526316,88.4892086330935,92.3652694610779
41027950400,"Census Tract 9504, Hood River County, Oregon",2016,63,4.4,8,3.6,74.4,5.2,7.6,3.8,8.5,3.7,3543,302,23323,3202,25762,4550,21469,2477,30730,3763,26809,7294,25806,14799,,,58790,5116,1.6,1.5,1.8,1.4,6.4,3.3,12.1,4.8,16.7,5.8,25.1,5.9,13.7,6.2,13.4,4.7,6.3,3.6,3,2.1,6478,500,0,0.5,0.3,0.6,0.8,0.6,0,0.5,9.9,6.2,46,5.9,0,0.5,0,0.5,1734,350,79.757785467128,20.242214532872,0,11.0745974367401,30.378824672171,29.9417192812045,21.2967459932006,18.382710053424,10.1,3.6,1925,1373,552,71.3246753246753,28.6753246753247,1020,74.2898761835397,189,34.2391304347826,62.8051948051948,33.8983050847458,49.685534591195,64.2066420664207,69.7940503432494,94.7286821705426
41027,"Hood River County, Oregon",2016,62,2.4,4.8,1.5,76.1,2.8,4.4,1.5,13.3,3,12287,440,26323,1760,29766,2256,21682,3185,27798,5088,27412,4323,45650,7240,52318,4819,56581,3351,4.3,1.7,3,1.4,10,2.6,11.6,2.4,13.9,2.6,20.5,2.7,15.6,2.8,11.6,2.3,4.9,1.5,4.7,1.4,22842,,0,0.1,0.1,0.2,1.7,0.5,0.2,0.2,5.1,2.2,69.2,,0.1,0.2,0.1,0.2,5499,178,69.3944353518822,29.4780869248954,1.1274777232224,18.0470394435801,19.679186228482,24.8761085028691,25.3455920709442,30.0991131977048,10.6,1.2,8213,5305,2908,64.5927188603434,35.4072811396567,4054,76.4184731385485,1216,41.8156808803301,64.1665652015098,26.610348468849,38.4751773049645,64.5437262357415,77.1608832807571,91.131498470948
41055950100,"Census Tract 9501, Sherman County, Oregon",2016,52.4,3.9,7.2,3,70.3,4.7,7.7,3.2,17.7,3.8,890,70,24932,3716,28917,7178,,,24792,7526,25329,5106,47750,10442,38875,10966,41389,6767,10.9,4,5.2,2.5,15.9,4.6,13.2,3.2,10.6,2.8,16.5,4.3,13.2,3.5,5.6,2.6,3.5,1.8,5.3,2.8,1705,124,0,1.9,0,1.9,0.1,0.2,0,1.9,0,1.9,94.9,3.5,0,1.9,0.1,0.2,275,62,68.3636363636364,30.5454545454545,1.09090909090909,26.166568222091,6.65137614678899,35.8562691131499,40.519877675841,16.9724770642202,18.2,3.4,804,494,310,61.4427860696518,38.5572139303483,390,78.9473684210526,127,40.9677419354839,64.3034825870647,15.1898734177215,53.1578947368421,90.9090909090909,96.969696969697,100
41055,"Sherman County, Oregon",2016,52.4,3.9,7.2,3,70.3,4.7,7.7,3.2,17.7,3.8,890,70,24932,3716,28917,7178,,,24792,7526,25329,5106,47750,10442,38875,10966,41389,6767,10.9,4,5.2,2.5,15.9,4.6,13.2,3.2,10.6,2.8,16.5,4.3,13.2,3.5,5.6,2.6,3.5,1.8,5.3,2.8,1705,124,0,1.9,0,1.9,0.1,0.2,0,1.9,0,1.9,94.9,3.5,0,1.9,0.1,0.2,275,62,68.3636363636364,30.5454545454545,1.09090909090909,26.166568222091,6.65137614678899,35.8562691131499,40.519877675841,16.9724770642202,18.2,3.4,804,494,310,61.4427860696518,38.5572139303483,390,78.9473684210526,127,40.9677419354839,64.3034825870647,15.1898734177215,53.1578947368421,90.9090909090909,96.969696969697,100
41031940000,"Census Tract 9400, Jefferson County, Oregon",2016,43.7,4.9,24.3,4.6,49.1,5.4,24.1,4.8,34.2,6.2,1499,146,22807,3311,27069,1970,20278,7332,16544,12737,32315,3723,32014,15664,44722,11552,42000,7021,12.7,4.1,8,4.1,7.6,3.3,15.6,5,15.5,4.9,19.6,5.7,12,4.6,6.2,3.5,1.5,1.2,1.4,2,3773,207,0.1,0.1,0.3,0.4,0.4,0.4,0,0.9,0.3,0.5,90.9,4.3,0,0.9,0,0.9,1272,150,32.3899371069182,67.6100628930818,0,3.06864064602961,19.8062953995157,26.7312348668281,44.6489104116223,8.8135593220339,13,2.7,884,567,317,64.1402714932127,35.8597285067873,507,89.4179894179894,141,44.4794952681388,73.3031674208145,36.4130434782609,66.6666666666667,94.6969696969697,95.9537572254335,100
41031960100,"Census Tract 9601, Jefferson County, Oregon",2016,39.1,7.5,9.2,5.9,42.7,8.9,10.3,6.4,11.7,5.3,977,142,27521,3377,28792,2969,17000,10467,25278,5811,26500,6675,,,,,62900,9559,2.2,2.2,0.7,1.3,15.4,7.1,14.6,6.2,6.9,4.7,24.7,7.7,8.7,5.5,16.8,6.9,7.6,7.3,2.5,1.9,2302,297,0,1.4,0,1.4,0.3,0.4,0,1.4,3,3,93.5,3.7,0,1.4,0,1.4,373,109,75.0670241286863,24.9329758713137,0,11.8133490844654,9.73303670745272,32.313681868743,37.9310344827586,20.0222469410456,11.3,4.1,596,441,155,73.993288590604,26.006711409396,332,75.2834467120182,109,70.3225806451613,73.993288590604,25.5813953488372,79.0909090909091,75.609756097561,73.5294117647059,94.811320754717
41031960201,"Census Tract 9602.01, Jefferson County, Oregon",2016,54.5,7,20.5,7.6,62.7,8.6,21.4,8.4,24.9,8.8,1527,221,16946,3273,20177,2423,18365,6824,18409,8493,30833,8571,16522,8115,,,30176,4375,13.3,6.1,7.9,5,20.4,7.3,18.1,10,11.5,5.5,16.6,6.3,7.9,4.8,3.8,3.2,0.5,0.9,0,2.9,3247,380,0,1,0.2,0.3,0.1,0.2,0,1,19.6,9,58.4,5.8,0,1,0,1,963,210,55.4517133956386,44.5482866043614,0,12.6270403449338,29.1158536585366,33.0284552845528,26.880081300813,10.9756097560976,15.9,5.1,1095,503,592,45.9360730593607,54.0639269406393,316,62.8230616302187,295,49.8310810810811,55.7990867579909,26.2626262626263,33.6363636363636,91.2698412698413,95.0549450549451,100
41031960202,"Census Tract 9602.02, Jefferson County, Oregon",2016,45.8,5.6,8.6,5,62,7.6,9.6,5.4,19.8,8.2,2365,317,27688,6345,29563,8493,27939,10081,20737,4581,35556,13794,67510,22261,,,47661,7721,2.7,3.2,3.4,2.7,15.3,6.5,13.1,5.8,17,6.1,20.4,7.4,17.7,5.9,7.3,5.4,1.4,1.6,1.8,2.1,5029,494,0,0.6,0,0.6,1.7,1.1,0,0.6,10.4,8.1,72.4,6.1,0,0.6,0,0.6,1216,310,49.1776315789474,50.8223684210526,0,19.4365626266721,18.8357208168241,28.3145382505334,33.6787564766839,19.1709844559585,18.8,4.9,1916,1230,686,64.19624217119,35.80375782881,996,80.9756097560976,453,66.0349854227405,75.6263048016702,14.5922746781116,62.1495327102804,76.9938650306748,100,94.2486085343228
41031960301,"Census Tract 9603.01, Jefferson County, Oregon",2016,38,5.7,8.8,5.7,57.8,8.2,8.5,6.1,13.3,5.9,1486,180,26944,9093,31650,7635,,,25179,6595,32232,11946,35602,29301,66477,38291,55000,5952,3.8,2.5,4.4,3.3,6.1,2.8,15.9,5.3,16.2,6,27.1,6,13.6,4.8,10.8,5.2,2.1,1.4,0,2.1,3318,257,0,1,0,1,0.2,0.3,0,1,1.1,1.2,96.9,2.5,0,1,0,1,314,128,38.2165605095541,53.5031847133758,8.28025477707006,18.0530440024111,6.1909758656873,26.2329485834208,49.4578523959426,18.1182231549493,22.5,4,1530,1344,186,87.843137254902,12.156862745098,1025,76.264880952381,68,36.5591397849462,71.437908496732,24.0740740740741,41.1971830985916,78.2258064516129,86.1892583120205,100
41031960302,"Census Tract 9603.02, Jefferson County, Oregon",2016,54.7,4.2,8.7,2.7,70.1,4.5,7.4,2.8,14.4,4.6,2148,209,27917,3205,31263,2711,30163,7910,29265,4441,26385,3904,54107,11532,50395,16995,51198,4608,5.2,2.1,2.5,1.4,9.6,3.3,14.9,3.2,16.3,4.9,20.6,4.5,15.4,4.5,11.8,3.6,1.8,1.4,1.9,1.1,4636,368,0,0.7,0,0.7,0.8,0.5,0.4,0.5,12.2,4.3,76.6,4.6,0,0.7,0.2,0.3,1256,230,80.812101910828,18.3917197452229,0.796178343949045,12.80276816609,17.130829015544,30.5699481865285,35.3950777202073,16.9041450777202,14.8,3.3,1556,1128,428,72.4935732647815,27.5064267352185,825,73.1382978723404,217,50.7009345794393,66.9665809768638,29.375,43.2885906040268,70.4347826086957,92.7392739273927,88.4937238493724
41031,"Jefferson County, Oregon",2016,46.3,2.1,13.3,2.1,58.5,2.9,13.4,2.3,20.3,2.9,10002,363,25085,1415,27500,1932,23993,2476,22131,1612,30675,2854,42083,10757,48625,10177,47063,3154,6.1,1.4,4.4,1.4,12.1,1.9,15.2,2.9,14.9,2.6,21.5,2.7,13.6,1.9,9,1.9,2,0.8,1.2,0.7,22305,,0,0.1,0.1,0.1,0.7,0.2,0.1,0.1,8.3,2.1,80.2,,0,0.1,0,0.1,5394,51,54.8572487949574,44.4753429736745,0.667408231368187,13.3481956249129,16.4751975562786,29.2582508798725,38.149943555349,16.1166080084999,16.5,1.8,7577,5213,2364,68.8003167480533,31.1996832519467,4001,76.7504316132745,1283,54.2724196277496,69.7373630724561,25.5793226381462,50.6849315068493,79.6010879419764,91.8730158730159,95.0383631713555
53059950100,"Census Tract 9501, Skamania County, Washington",2016,55.8,16.5,17.1,17.5,67,17.7,0,37.3,6,5.5,67,31,47679,34634,47679,34634,,,,,30769,14961,155714,72174,,,49286,34862,0,38.9,0,38.9,8.6,9.1,27.6,23.5,17.2,19.6,10.3,17.2,8.6,11.4,3.4,3.7,24.1,30.4,0,38.9,150,67,0,19.3,0,19.3,0,19.3,0,19.3,0,19.3,100,19.3,0,19.3,0,19.3,37,29,100,0,0,14,3,12,48,37,4,6.9,58,48,10,82.7586206896552,17.2413793103448,24,50,10,100,58.6206896551724,,33.3333333333333,100,0,80.952380952381
53059950200,"Census Tract 9502, Skamania County, Washington",2016,54.5,3.7,8.1,2.9,67.8,4.3,6.9,3,9.9,2.6,2376,168,37268,6762,46338,4927,34318,11807,35735,4571,40270,9471,71250,49874,59583,11264,64219,5393,7.4,2.6,2.1,1.1,7.6,2.5,9.6,3.1,10.1,2.9,19.6,4,15.1,4.2,17.4,4.5,7.2,4.3,3.9,1.9,4705,237,0,0.7,0,0.7,1.5,0.7,0,0.7,0.4,0.3,99.5,0.4,0,0.7,0.5,0.7,956,135,75.9414225941423,23.5355648535565,0.523012552301255,19.1498405951116,6.25,25.8640552995392,43.4043778801843,24.4815668202765,11.6,2.4,1870,1404,466,75.0802139037433,24.9197860962567,1046,74.5014245014245,194,41.6309012875537,66.3101604278075,10.2222222222222,43.2314410480349,67.4157303370787,77.5,92.4164524421594
53059950300,"Census Tract 9503, Skamania County, Washington",2016,45.9,5.5,7.4,3.7,57.3,5.9,7.6,3.9,21.6,5.6,854,129,32176,5217,37431,7040,40536,20685,32300,14925,22159,8564,43125,19703,61250,9616,41544,11178,15.8,4.8,9.1,4.7,10.3,4,11.2,3.9,9.2,4,20.2,4.7,9.5,4,10.2,3.9,3,1.9,1.4,1.7,1886,182,0,1.7,0,1.7,0.9,1.2,0,1.7,0.2,0.2,97.8,1.4,0.4,0.8,0,1.7,331,85,69.7885196374622,26.2839879154079,3.92749244712991,24.7567567567568,10.9859154929577,29.4366197183099,34.7183098591549,24.8591549295775,18.1,3.5,855,522,333,61.0526315789474,38.9473684210526,395,75.6704980842912,167,50.1501501501502,65.7309941520468,33.3333333333333,60,73.4177215189874,83.8150289017341,98.5436893203884
53059950400,"Census Tract 9504, Skamania County, Washington",2016,52.9,4.1,6.5,3.9,64.8,5.3,7.1,4.3,14.6,6.8,1071,115,29803,6226,32813,6355,19688,7110,28261,6928,34185,5208,41957,26256,58750,24432,52757,8798,5.8,3.6,4.2,2.3,10.8,4.9,15.8,6.3,12.2,4.3,18.8,6.4,12.3,4.2,13,3.5,2.4,1.4,4.6,2.6,2093,191,0,1.5,0,1.5,0,1.5,0,1.5,2,1.8,87.3,4.3,0,1.5,0,1.5,414,127,64.2512077294686,35.7487922705314,0,15.7190635451505,12.8428927680798,30.4862842892768,30.860349127182,25.8104738154614,15.2,3.8,877,597,280,68.072976054732,31.927023945268,469,78.5594639865997,135,48.2142857142857,68.8711516533637,33.6134453781513,51.219512195122,67.4418604651163,95.5414012738854,98.9090909090909
53059950500,"Census Tract 9505, Skamania County, Washington",2016,48.7,6.3,7.1,4.6,63.4,6.9,6.5,4.8,17.3,6.7,1051,164,26017,2589,33125,9817,20192,11897,26563,4102,35750,9984,76422,26650,58929,28972,37891,3350,11.2,4.8,12.1,6.8,12.3,6.3,8.5,4.9,19.4,6.6,11.5,5.8,9.2,5.1,12.3,5,3.5,3.5,0,3.5,2482,243,0,1.3,0.7,1,0.8,1.3,0,1.3,2.1,2.8,86.4,4.2,0,1.3,0,1.3,644,130,62.7329192546584,37.2670807453416,0,11.5947925142392,12.5637755102041,32.780612244898,41.8367346938776,12.8188775510204,18.5,5,917,603,314,65.7579062159215,34.2420937840785,362,60.0331674958541,105,33.4394904458599,50.9269356597601,8.01393728222996,55.5555555555556,41.566265060241,86.6666666666667,100
53059,"Skamania County, Washington",2016,51.5,2.2,7.7,1.8,64.5,2.6,6.9,1.9,14.3,2.4,5419,187,32495,2880,37258,2672,23021,6470,31750,3064,35502,3254,63000,29091,59472,4703,53082,3466,9.3,2,5.8,1.8,9.7,1.9,11.1,2,12.3,2.3,17.8,2.4,12.3,2.1,14,2.1,5,1.8,2.7,0.9,11316,,0,0.3,0.2,0.2,0.9,0.4,0,0.3,1,0.8,94.1,,0.1,0.1,0.2,0.3,2382,50,69.8572628043661,29.3870696893367,0.755667506297229,17.7149964463397,9.54189122978932,28.5521803037727,39.1842234198922,22.7217050465458,14.8,1.6,4577,3174,1403,69.3467336683417,30.6532663316583,2296,72.3377441713926,611,43.5495367070563,63.5132182652392,18.4964200477327,50.4559270516717,60.6936416184971,83.0212234706617,95.4274353876739
53039950100,"Census Tract 9501, Klickitat County, Washington",2016,38.2,5.5,10.7,4.1,48.6,6.1,9.7,4,17.7,5.1,3381,401,22377,4912,30859,5856,12297,11663,21860,5413,32931,9943,39295,7920,58456,9254,47623,7953,12.2,4.7,5.5,2.9,9.9,3.4,12.1,4.1,12.3,4.5,24.9,5.6,11.5,3.5,10.7,4.3,0.2,0.2,0.5,0.5,8467,460,0,0.4,0.1,0.2,0.6,0.7,0,0.4,0.6,0.6,95.9,1.6,0,0.4,0,0.4,1753,230,63.8904734740445,36.1095265259555,0,13.6575457043852,12.0979836693884,29.8283619396767,37.1604732544576,20.9131811364773,22.3,3.6,3269,2142,1127,65.524625267666,34.4753747323341,1699,79.3183940242764,494,43.8331854480923,67.0847353930866,16.9117647058824,67.3992673992674,77.0780856423174,87.4371859296482,99.591280653951
53039950200,"Census Tract 9502, Klickitat County, Washington",2016,42.4,5.3,3.2,2.1,57.7,6.4,3.7,2.5,19,5.6,1897,280,26633,1894,27111,1930,51458,33221,27526,2708,27260,5289,27500,23426,11542,1787,44167,4996,5.2,2.1,4.3,2.5,10.8,4.5,17,5.6,21.3,4.9,20.6,5,7.2,3.7,7.2,3,5.2,3.9,1.2,1.6,4760,426,0,0.7,0.1,0.1,1.3,0.7,0,0.7,0.5,0.6,94,4.1,0,0.7,0.1,0.1,831,224,71.4801444043321,28.5198555956679,0,20.6285593756591,12.5815217391304,34.1304347826087,38.6413043478261,14.6467391304348,21.3,3.2,1848,1344,504,72.7272727272727,27.2727272727273,984,73.2142857142857,148,29.3650793650794,61.2554112554113,17.1945701357466,51.2254901960784,58.8709677419355,84.1040462427746,99.4694960212202
53039950300,"Census Tract 9503, Klickitat County, Washington",2016,56.3,4.6,2,1.3,71.6,5.2,1.5,1.2,11.3,3.4,3703,342,28443,3576,30011,2981,22042,4847,33210,4618,24024,5291,31768,13051,51346,27200,54215,7767,3.9,1.7,3.5,2,7.3,2.4,13.2,6,15.4,5.4,21.6,5.8,18.5,3.5,13.3,4.2,1.9,1.1,1.5,1.3,7703,490,0,0.4,0,0.4,0.4,0.4,0,0.4,6.2,3.8,75.5,3.5,0,0.4,0.1,0.2,1704,235,75.7042253521127,18.5446009389671,5.75117370892019,21.1548625792812,15.5890003716091,20.9215904868079,28.4838350055741,35.0055741360089,14,2.7,2952,1953,999,66.1585365853659,33.8414634146342,1423,72.8622631848439,449,44.9449449449449,63.4146341463415,7.09219858156028,42.9133858267717,51.6629711751663,77.3550724637681,94.015444015444
53039,"Klickitat County, Washington",2016,45.7,3,5.4,1.7,59.1,3.5,4.9,1.7,15.7,2.9,8981,496,26619,1460,29148,2336,22037,4685,29420,3491,27276,3613,38013,11013,46667,14874,49633,2820,7.6,2.2,4.5,1.3,9.2,2,13.6,2.6,15.5,3,22.7,3,13.1,2.2,10.9,2.2,2,1,1,0.6,20930,,0,0.2,0.1,0.1,0.7,0.3,0,0.2,2.6,1.4,88,,0,0.2,0,0.1,4288,5,70.0559701492538,27.6585820895522,2.28544776119403,17.9998065576942,13.4634534953197,27.6970059085176,34.4220938724026,24.4174467237602,19,2,8069,5439,2630,67.406122196059,32.593877803941,4106,75.4918183489612,1091,41.4828897338403,64.4069897137192,14.3266475644699,54.3775649794802,62.1311475409836,83.4710743801653,96.8793665579879
41,Oregon,2016,58.3,0.4,5.7,0.3,72.6,0.5,5.2,0.3,13.3,0.4,2187015,14250,30897,230,35945,336,22194,732,29816,1143,32004,382,46942,1383,63868,2310,57532,855,5.9,0.3,4.5,0.3,9.8,0.4,10,0.4,13.3,0.4,18.7,0.5,12.8,0.4,14.2,0.5,5.4,0.2,5.3,0.2,4093465,,0,0.1,0,0.1,4.1,0.1,0.3,0.1,3,0.3,87.2,,0,0.1,0.1,0.1,864736,1924,69.5415710690893,29.5677524701181,0.890676460792658,20.0074812338642,9.7091203771092,22.9497556292058,34.6418344324887,32.6992895611963,14.7,0.3,1571678,969579,602099,61.6906898232335,38.3093101767665,724768,74.7507939012706,275389,45.7381593392449,63.6362537364524,13.7943839803468,34.327125678408,56.0612002808241,74.7397264036919,94.7920264763185
4100021,"South Wasco County School District 1, Oregon",2015,44,6.2,10,5.6,64.9,6.7,9.4,5.8,21.2,5.4,1052,169,21100,3971,,,,,,,,,,,,,40625,4024,9.9,3.7,4.5,2.4,13.3,4.6,13.9,4.2,21.9,4.8,23,5,5,2.5,4.9,2.1,3.7,3,0,3.3,2284,286,0,1.4,0,1.4,3.1,2.4,1.1,1.8,0.7,1.7,91.6,5.4,0,1.4,0,1.4,306,114,60.4575163398693,39.5424836601307,0,23.1578947368421,11.9290703922622,37.5604513702311,35.3036002149382,15.2068780225685,22.4,4.4,979,665,314,67.926455566905,32.073544433095,493,74.1353383458647,139,44.2675159235669,64.5556690500511,14.8809523809524,60.9375,81.0526315789474,97.6415094339623,96.9924812030075
41065970100,"Census Tract 9701, Wasco County, Oregon",2015,52.3,5.6,5.1,3.4,75.2,5.3,5,3.6,13.9,5.3,1926,293,26560,3874,31671,5623,20000,11032,26473,11959,27304,16702,55221,15022,65156,6796,46016,9493,7.4,4.7,5,2.9,10.9,4.6,16.2,4.9,12.8,5,12.6,4.6,16.6,6.3,12.6,4.2,2.9,2.8,3.1,2.2,4264,380,0,0.8,0,0.8,0.1,0.2,0.1,0.2,6.6,5.3,82.1,6.2,0.3,0.5,0.2,0.2,1052,194,71.1026615969582,28.8973384030418,0,12.3804730749874,9.3715545755237,24.9540610069827,43.513414185961,22.1609702315325,19.4,4.7,1546,1028,518,66.4941785252264,33.5058214747736,766,74.5136186770428,133,25.6756756756757,58.150064683053,10.8,32.7327327327327,60.6060606060606,86.1538461538462,91.8762088974855
41065970200,"Census Tract 9702, Wasco County, Oregon",2015,61.5,5.5,7.7,5,74.5,5.3,6.8,4.8,11.9,3.8,1600,204,21203,4343,,,,,,,,,,,,,44375,6657,5.6,2.8,4.3,2.7,13.3,5.8,14.6,4.9,24.4,9,13.2,6.7,17.4,6.7,4.5,2.8,2.8,3.1,0,2.9,2820,282,0.3,0.6,0,1.1,0,1.1,0,1.1,0.9,1,88.9,6.8,0,1.1,0,1.1,642,188,57.7881619937695,39.8753894080997,2.33644859813084,23.1560283687943,14.5118733509235,25.4353562005277,39.6833773087071,20.3693931398417,12.1,3.6,1095,597,498,54.5205479452055,45.4794520547945,451,75.5443886097153,220,44.1767068273092,61.2785388127854,10.5960264900662,45.6521739130435,58.5271317829457,95.8333333333333,100
41065970300,"Census Tract 9703, Wasco County, Oregon",2015,61.6,8.2,9.4,6.1,73.5,8.7,7.3,4.4,10.1,6.4,1638,246,25923,4789,,,,,,,,,,,,,52344,13727,4.6,4,6.5,4.5,5.7,3.5,12.5,7.2,20.1,7.2,17,7.5,21.7,7.2,8.4,4.1,2.1,2,1.5,1.9,3113,403,0,1,0,1,0.4,0.7,0,1,11,10.7,79.7,11.1,0,1,0.3,0.4,950,221,68.7368421052632,31.2631578947368,0,10.3357472021066,13.6317395727365,18.7182095625636,46.3377416073245,21.3123092573754,13.3,4.6,1115,835,280,74.8878923766816,25.1121076233184,573,68.622754491018,96,34.2857142857143,60,0,37.2093023255814,61.2903225806452,91.005291005291,84.985835694051
41065970400,"Census Tract 9704, Wasco County, Oregon",2015,44,5.7,9.1,4.7,61.3,7.3,9.5,5.5,24,13.1,1479,183,24792,7452,,,,,,,,,,,,,38857,5347,5.4,3.4,12,5.6,11.4,6.7,14,6.4,22.8,6.3,13.9,5.7,12.5,5.1,6.2,3.9,0.6,1,1.1,1.5,3387,277,0,1,0.1,0.3,1.4,2.3,0.3,0.7,0.8,0.8,74.9,6.1,0,1,0,1,794,159,86.5239294710328,13.4760705289673,0,21.2772785622593,20.6881533101045,31.2282229965157,34.0592334494774,14.0243902439024,18.6,4.1,1308,603,705,46.1009174311927,53.8990825688074,407,67.4958540630183,177,25.1063829787234,44.6483180428135,14.7887323943662,28.515625,51.1538461538462,38.4180790960452,100
41065970500,"Census Tract 9705, Wasco County, Oregon",2015,51.1,5.6,4.5,3.4,62.5,7.4,5.4,4.1,19.5,5.6,1367,195,25161,3418,,,,,,,,,,,,,36202,5792,14,5.4,3,2.6,14.8,5.1,17.2,5.9,17.7,5.8,19.8,5.3,8.5,4,3.9,2.7,1.1,1.2,0,2.4,2974,351,0,1.1,0.4,0.7,0.6,1.1,0,1.1,7.9,7.1,82.7,8.3,0,1.1,0,1.1,541,201,64.5101663585952,35.4898336414048,0,16.1062542030935,22.1464301955434,34.1973624374716,33.4697589813552,10.1864483856298,23.4,5,1311,858,453,65.4462242562929,34.5537757437071,606,70.6293706293706,125,27.5938189845475,55.7589626239512,16.3763066202091,53.3536585365854,60.7758620689655,88.8888888888889,85.8757062146893
41065970600,"Census Tract 9706, Wasco County, Oregon",2015,52.2,7.1,15.6,8.8,62.8,9,17,10.1,23.4,10.7,1341,259,23550,11452,,,,,,,,,,,,,51845,18046,3,2.3,6.8,4.2,12.2,7.3,15.4,5.8,10.9,4.9,22.7,6.6,6.9,3.6,15.1,5.9,4.4,3.8,2.5,1.8,2564,370,0,1.3,0.2,0.3,0.9,0.9,0,1.3,5.2,4.4,88.8,6.7,0,1.3,0,1.3,549,151,72.8597449908925,27.1402550091075,0,11.2818439142742,17.7789934354486,26.5864332603939,31.5098468271335,24.1247264770241,19.3,6.3,953,664,289,69.6747114375656,30.3252885624344,482,72.5903614457831,131,45.3287197231834,64.3231899265478,7.55813953488372,40,79.6116504854369,89.3518518518519,93.1159420289855
41065970700,"Census Tract 9707, Wasco County, Oregon",2015,66.1,5.5,10.4,10.6,79.1,5.3,11,10.9,8.3,7.4,1157,658,26992,11847,,,,,,,,,,,,,61346,13916,1.7,1.8,3.5,2.4,6.7,3.2,19.7,7.8,13.8,5.8,14,6.5,12.4,5.9,16.2,5,3.2,2.7,8.9,5.3,1789,645,0,1.8,0,1.8,4.5,8.5,0,1.8,7,8.3,73.6,21.7,0,1.8,0,1.8,234,96,100,0,0,18.7118644067797,17.7683013503909,29.7796730632552,29.4953802416489,22.956645344705,12.2,5.8,630,473,157,75.0793650793651,24.9206349206349,335,70.8245243128964,79,50.3184713375796,65.7142857142857,35.8974358974359,49.6350364963504,73.4693877551021,50,98.4375
41065970800,"Census Tract 9708, Wasco County, Oregon",2015,47.9,4.1,11,3.8,65.4,4.9,9.7,3.5,15.9,3.3,2074,234,25398,2454,,,,,,,,,,,,,43632,3693,9,2.5,3.2,1.4,12.6,3.5,11.4,2.8,21.9,4.3,22.5,3.7,7.4,2.2,8.6,2.4,2.8,1.9,0.5,0.4,4581,413,0.3,0.4,0,0.7,1.5,1.2,0.6,0.9,0.5,0.8,91.7,3.8,0,0.7,0,0.7,966,164,65.1138716356108,34.8861283643892,0,16.8224299065421,10.3521554341226,33.6672738312083,38.6763812993321,17.304189435337,17.2,2.5,1746,1205,541,69.0148911798396,30.9851088201604,914,75.850622406639,239,44.177449168207,66.036655211913,18.3266932270916,58.0536912751678,78.4883720930232,95.7746478873239,98.7804878048781
41065,"Wasco County, Oregon",2015,53.3,2,9,2,69,2.4,8.7,2.2,16.1,2.7,12582,381,25491,1609,29131,2752,16839,3398,25831,2778,30941,1735,43657,6332,52303,7190,43422,2729,7,1.5,5.5,1.2,11.3,1.9,14.7,1.9,18.5,2.2,17.2,2.1,12.7,1.9,8.9,1.3,2.4,1,1.7,0.6,25492,,0.1,0.1,0.1,0.1,1,0.3,0.2,0.2,4.7,1.7,83.5,,0.1,0.1,0.1,0.1,5728,51,71.0719273743017,28.6662011173184,0.261871508379888,16.0530980747825,15.1993638532319,28.4675678745882,37.6576167215722,18.6754515506077,17.3,1.5,9704,6263,3441,64.540395713108,35.459604286892,4534,72.3934216828996,1200,34.87358326068,59.0890354492993,13.3986928104575,43.3991683991684,64.1782059000602,83.3229620410703,93.9655172413793
41027950100,"Census Tract 9501, Hood River County, Oregon",2015,60.1,6.8,4.9,2.6,74.3,6,4.7,2.7,15.5,8.2,2194,374,23482,5723,,,,,,,,,,,,,54593,11711,4.4,2.6,1.9,1.7,9.7,5.4,9.1,4.9,18.6,7,21.1,4.9,19.2,6.7,7.7,3.5,5.2,3.3,3.1,2.3,3955,536,0,0.8,0,0.8,1.3,1.1,0.3,0.4,9.2,10,78,12.1,0,0.8,0,0.8,714,265,85.8543417366947,14.1456582633053,0,16.1354019746121,19.4249649368864,23.1416549789621,32.258064516129,25.1753155680224,16.2,3.8,1396,1015,381,72.7077363896848,27.2922636103152,800,78.8177339901478,129,33.8582677165354,66.5472779369627,17.2413793103448,36.734693877551,68.4615384615385,87.1698113207547,88.9795918367347
41027950200,"Census Tract 9502, Hood River County, Oregon",2015,64.7,3.7,4.3,2,78.7,4.2,4.5,2.2,9.8,4.6,3793,338,30489,2698,31946,3051,23418,9256,28929,12339,31035,5941,45192,9073,62955,24441,62933,8749,2.5,2.2,4.6,3.7,11.2,4.5,8.3,4.8,7.3,3.7,22.3,5.9,22.2,5.9,11.2,4.2,4.1,2.8,6.3,2.8,6656,500,0,0.5,0,0.5,3.8,1.4,0,0.5,2.9,2.6,85.1,4.5,0,0.5,0,0.5,1411,249,56.4847625797307,38.979447200567,4.53579021970234,22.3055725658298,13.2164948453608,22.1649484536082,23.9175257731959,40.7010309278351,8,2.7,2604,1957,647,75.1536098310292,24.8463901689708,1444,73.7864077669903,224,34.6213292117465,64.0552995391705,15.9090909090909,47.3053892215569,19.8830409356725,65.5536028119508,93.027360988526
41027950300,"Census Tract 9503, Hood River County, Oregon",2015,63.9,5.9,3.5,2.5,75.9,6.2,2.4,2.3,23.8,8.4,3204,369,23503,3166,26256,2769,16887,5636,22298,4815,26166,2011,49583,21238,41375,9554,42841,8476,9.4,5.2,3.3,3.3,19.5,6.2,10.9,5.1,12.5,6.4,18.4,5.2,9.8,5,10.3,3.7,2.8,2.3,3.1,2.1,5793,403,0,0.6,0,0.6,1.1,0.9,0.3,0.5,3.3,3.3,72,7.5,0.6,0.9,0,0.6,1442,282,63.9389736477115,36.0610263522885,0,23.4852453291427,15.6427604871448,25.4127198917456,21.4343707713126,37.510148849797,10.1,3.5,2362,1047,1315,44.3268416596105,55.6731583403895,741,70.7736389684814,645,49.0494296577947,58.6790855207451,23.0403800475059,35.7692307692308,70.4626334519573,86.4367816091954,86.0162601626016
41027950400,"Census Tract 9504, Hood River County, Oregon",2015,64.8,4.8,7.9,3.5,75.7,5,6.2,3,9.6,4.5,3320,324,24340,2834,,,,,,,,,,,,,59775,3985,1,1.1,1.3,1.2,6.7,3.3,11.5,4.3,14.8,4.3,29.5,6.8,14.2,5.3,12.8,4.2,5.1,2.7,3.1,2,6345,528,0,0.5,0,0.5,0.5,0.5,0,0.5,11.1,6.3,45.5,6.5,0,0.5,0,0.5,1895,337,84.4854881266491,15.5145118733509,0,8.47287340924313,28.4417941405237,31.9937775473166,19.7562872698989,19.8081410422608,8.6,3.4,1827,1294,533,70.8264915161467,29.1735084838533,846,65.3786707882535,147,27.5797373358349,54.3513957307061,13.8613861386139,60.5042016806723,50.6666666666667,53.6821705426357,89.2733564013841
41027,"Hood River County, Oregon",2015,63.7,2.3,5.1,1.3,76.4,2.8,4.5,1.2,14.3,3.2,12511,397,25459,1232,27562,2275,21482,2891,25026,4073,28630,3452,41870,6314,51075,5731,55827,3214,4.5,1.8,3,1.5,12.3,2.5,9.9,2.4,12.4,2.4,22.6,3.1,16.3,3,10.7,2,4.1,1.4,4.1,1.3,22749,,0,0.1,0,0.1,1.8,0.3,0.1,0.1,6.4,2.5,69.5,,0.2,0.2,0,0.1,5462,147,72.0065909923105,26.8216770413768,1.17173196631271,17.8177810433505,18.814737118133,25.6195096368166,23.8232594729251,31.7424937721253,10.1,1.3,8189,5313,2876,64.8797166931249,35.1202833068751,3831,72.1061547148504,1145,39.8122392211405,60.7644401025766,18.9243027888446,41.9642857142857,55.923159018143,70.4201680672269,90.0213068181818
41055950100,"Census Tract 9501, Sherman County, Oregon",2015,50,3.4,7.9,3.1,66.9,4.4,8.5,3.4,21.6,5,899,73,22875,2743,,,,,,,,,,,,,38362,5362,12.3,4.3,7.8,2.8,13.1,3.4,13.4,3.2,11.4,4,17.7,3.6,10.8,2.8,6.1,2,4.2,1.7,3.1,1.6,1795,128,0,1.8,0,1.8,0.2,0.3,0,1.8,0.2,0.3,92.9,2.7,0,1.8,0.4,0.4,321,65,64.4859813084112,34.2679127725857,1.24610591900312,24.354657687991,8.14307458143075,36.6818873668189,37.8995433789954,17.2754946727549,19.5,2.7,804,495,309,61.5671641791045,38.4328358208955,386,77.979797979798,123,39.8058252427185,63.3084577114428,12.9032258064516,61.6766467065868,93.5064935064935,95.0354609929078,100
41055,"Sherman County, Oregon",2015,50,3.4,7.9,3.1,66.9,4.4,8.5,3.4,21.6,5,899,73,22875,2743,,,,,,,,,,,,,38362,5362,12.3,4.3,7.8,2.8,13.1,3.4,13.4,3.2,11.4,4,17.7,3.6,10.8,2.8,6.1,2,4.2,1.7,3.1,1.6,1795,128,0,1.8,0,1.8,0.2,0.3,0,1.8,0.2,0.3,92.9,2.7,0,1.8,0.4,0.4,321,65,64.4859813084112,34.2679127725857,1.24610591900312,24.354657687991,8.14307458143075,36.6818873668189,37.8995433789954,17.2754946727549,19.5,2.7,804,495,309,61.5671641791045,38.4328358208955,386,77.979797979798,123,39.8058252427185,63.3084577114428,12.9032258064516,61.6766467065868,93.5064935064935,95.0354609929078,100
41031940000,"Census Tract 9400, Jefferson County, Oregon",2015,46,4.7,27.4,6.1,50.2,5,28.5,6.3,34.2,5.7,1495,160,20740,3465,,,,,,,,,,,,,44612,6038,13.3,5.3,8.2,3.7,6.1,3.2,11.3,5,17.2,5.2,21.9,5.6,13.4,4.6,7.4,4.2,1.2,1.4,0,3.9,3579,275,0.1,0.2,0.3,0.5,0.2,0.3,0,0.9,0.7,0.6,87.9,4.5,0,0.9,0,0.9,1230,192,29.349593495935,70.6504065040651,0,2.41751990898749,18.2053941908714,27.1784232365145,46.3692946058091,8.24688796680498,13.8,2.9,821,517,304,62.9719853836784,37.0280146163216,468,90.5222437137331,132,43.421052631579,73.0816077953715,36.0248447204969,71.8181818181818,100,87.9518072289157,100
41031960100,"Census Tract 9601, Jefferson County, Oregon",2015,38.1,10.8,7.2,4.8,43.1,13.3,8,5.2,13.8,6.3,1011,177,20889,4291,,,,,,,,,,,,,49659,13201,3,2.1,0.8,1.3,15.3,6.7,22,11.6,9.5,5.8,19.8,7.5,7.3,4.9,11.8,5.5,7.6,6.5,3,2.7,2398,456,0,1.3,0,1.3,0.2,0.3,0,1.3,4.7,5.9,86.9,6.5,0,1.3,0,1.3,395,107,76.4556962025316,23.5443037974684,0,14.3917761279269,17.3863636363636,33.8068181818182,32.4431818181818,16.3636363636364,16.2,5.7,642,400,242,62.3052959501558,37.6947040498442,306,76.5,128,52.8925619834711,67.601246105919,27.7777777777778,64.9253731343284,67.2131147540984,83.3333333333333,100
41031960201,"Census Tract 9602.01, Jefferson County, Oregon",2015,58.2,6.5,18.2,6.6,68.1,8,18.2,7.4,24,7.8,1620,213,17207,3695,,,,,,,,,,,,,36350,9061,13.3,6.6,5.7,4.7,20.7,7.7,9.2,5.3,16.5,7.4,19.9,9.8,10,6.3,4.9,4.4,0,2.8,0,2.8,3349,318,0,1,0.4,0.6,0.1,0.2,0,1,18.5,10.4,59,5.5,0,1,0,1,1064,187,56.7669172932331,43.2330827067669,0,13.8847417139445,27.0801815431165,33.3333333333333,26.8784669692385,12.7080181543117,14.7,4.4,1123,561,562,49.9554764024933,50.0445235975067,418,74.5098039215686,312,55.5160142348754,65.0044523597507,31.0469314079422,35.0877192982456,97.2972972972973,97.3094170403588,100
41031960202,"Census Tract 9602.02, Jefferson County, Oregon",2015,47,5.6,9.5,4.4,62.3,6.9,10.4,4.8,19.5,7.5,2484,297,26839,2643,,,,,,,,,,,,,45688,7943,4.2,3.7,4.1,2.7,14.9,6,13.2,5.9,16.5,6.5,26.8,9.1,11.2,5.1,5.8,3.5,1.6,1.7,1.7,2,4999,373,0,0.6,0,0.6,2.8,1.2,0,0.6,8.3,7.1,74.3,6.1,0,0.6,0,0.6,1199,232,58.2985821517932,41.7014178482068,0,19.8614789162762,16.2898730257046,26.354908640446,37.5038711675441,19.8513471663054,17.5,4.4,1943,1145,798,58.9294904786413,41.0705095213587,918,80.174672489083,498,62.406015037594,72.8769943386516,16.8284789644013,62.4685138539043,81.3084112149533,93.6660268714012,92.9113924050633
41031960301,"Census Tract 9603.01, Jefferson County, Oregon",2015,37,5,11.1,6.6,56.1,8.1,11.6,7.6,14.3,8.1,1366,177,27083,7933,,,,,,,,,,,,,48908,3938,3.6,2.5,3.6,2.5,6.5,3.6,15.8,6.1,23,6.8,24.9,6.4,13.8,5,7.3,4.7,1.6,1.5,0,2.1,3291,361,0,1,0,1,0.1,0.3,0,1,0.5,0.6,99.1,0.9,0,1,0,1,459,183,34.4226579520697,62.0915032679739,3.48583877995643,17.1680340322091,7.01881331403763,28.3646888567294,47.684515195369,16.931982633864,25.6,4.5,1540,1329,211,86.2987012987013,13.7012987012987,959,72.1595184349135,70,33.175355450237,66.8181818181818,16.551724137931,42.1052631578947,67.5141242937853,87.8453038674033,91.6905444126075
41031960302,"Census Tract 9603.02, Jefferson County, Oregon",2015,54.5,4.3,11.5,3.8,66.7,5.2,10.2,4.2,15.4,4.2,2189,217,27758,3662,,,,,,,,,,,,,50755,4655,6,2.1,1.8,1.5,11,2.9,12.9,3.5,17.4,4.6,23.5,5.1,13.9,4.2,11.1,3.2,0.7,0.9,1.6,1,4445,325,0,0.7,0,0.7,0.3,0.3,0.1,0.2,8.2,4,80,4.6,0,0.7,0,0.7,1076,170,70.5390334572491,28.2527881040892,1.20817843866171,13.148398737032,14.72,30.24,37.344,17.696,14.4,2.7,1623,1184,439,72.9513247073321,27.0486752926679,824,69.5945945945946,223,50.7972665148064,64.5101663585952,31.1764705882353,42.1404682274248,68.705035971223,81.9444444444445,86.6213151927438
41031,"Jefferson County, Oregon",2015,47.2,2.6,14.4,2.2,58.8,3.5,14.7,2.4,20.5,2.7,10165,388,24319,2145,27126,1808,19915,5840,22364,3275,31008,2871,38882,15294,42885,11902,46366,3506,6.7,1.6,3.9,1.3,12.3,2.2,13.6,2.4,17.5,2.7,23.6,3.8,12,2.2,7.7,1.6,1.7,0.7,1,0.6,22061,,0,0.1,0.1,0.1,0.8,0.2,0,0.1,7,2.3,80.4,,0,0.1,0,0.1,5423,52,53.1624562050526,46.3027844366587,0.53475935828877,13.7647058823529,16.0524714314693,29.4813712894719,38.5015890188654,15.9645682601934,16.9,1.8,7692,5136,2556,66.7706708268331,33.2293291731669,3893,75.7982866043614,1363,53.3255086071988,68.3307332293292,25.8377425044092,50.8152173913044,78.501872659176,89.2898052691867,93.2714617169374
53059950100,"Census Tract 9501, Skamania County, Washington",2015,60.8,18.4,18.2,19.9,77.6,16,0,29.4,0,16.1,94,41,,,,,,,,,,,,,,,66719,62803,0,34.1,0,34.1,4.1,7.1,23.3,24.3,15.1,22.2,11,15.8,11,10.1,2.7,4.1,32.9,30.9,0,34.1,184,76,0,16.1,0,16.1,0,16.1,0,16.1,0,16.1,100,16.1,0,16.1,0,16.1,36,30,100,0,0,15.7608695652174,0,8.26446280991736,46.2809917355372,45.4545454545455,3.3,5.9,73,57,16,78.0821917808219,21.9178082191781,31,54.3859649122807,16,100,64.3835616438356,,35,100,0,85.2941176470588
53059950200,"Census Tract 9502, Skamania County, Washington",2015,53.8,3.9,7.9,2.6,67.3,4,6.7,2.8,11.3,3.6,2414,224,36707,7018,,,,,,,,,,,,,67695,11355,7.2,2.8,4.5,2.4,7.5,2.6,6.4,2.3,8.5,2.7,18.1,4.5,15.9,4.5,18,4.3,7.9,4.4,5.8,2.4,4889,284,0,0.7,0,0.7,1.3,0.6,0,0.7,0.4,0.3,99.7,0.3,0,0.7,0.4,0.6,1034,137,80.5609284332689,18.9555125725339,0.483558994197292,14.6042135406013,7.79369627507163,25.5300859598854,42.3495702005731,24.3266475644699,12.6,2.2,1865,1414,451,75.8176943699732,24.1823056300268,1049,74.1867043847242,181,40.1330376940133,65.9517426273459,9.42622950819672,35.5191256830601,60,77.710843373494,92.8654970760234
53059950300,"Census Tract 9503, Skamania County, Washington",2015,47.3,5.6,9.4,4.9,58.2,6.5,9.8,5.4,21.8,4.8,799,111,32229,4580,,,,,,,,,,,,,46458,7977,18.1,4.9,9.1,4.2,8.8,4.2,7.6,3.3,9.7,3.6,20.8,4.6,10.4,3.6,8.5,3.2,5,2.2,1.9,2,1745,163,0,1.8,0,1.8,1,0.9,0,1.8,0.6,1.1,95.5,3.1,0.5,0.9,0,1.8,320,75,63.4375,36.5625,0,22.5409836065574,11.7283950617284,26.5432098765432,36.3425925925926,25.3858024691358,15.7,3.5,825,494,331,59.8787878787879,40.1212121212121,380,76.9230769230769,161,48.6404833836858,65.5757575757576,39,55.3398058252427,67.5,83.7209302325582,97.6525821596244
53059950400,"Census Tract 9504, Skamania County, Washington",2015,52.9,5.4,8.4,4.8,63.6,6.7,9.2,5.2,11.4,5.1,1075,132,29705,4429,,,,,,,,,,,,,48347,5094,5.2,4.1,2.8,2.1,11.5,5.1,17.9,6.7,15,5,16.5,6.2,13,5.3,11.5,4.1,3,1.8,3.7,3,2123,207,0,1.5,0,1.5,0.3,0.5,0.3,0.5,2,1.6,85.8,4.7,0,1.5,0,1.5,443,117,75.3950338600452,24.6049661399549,0,16.8629298162977,11.3408521303258,32.7694235588973,32.3308270676692,23.5588972431078,14.3,3.9,847,595,252,70.2479338842975,29.7520661157025,446,74.9579831932773,130,51.5873015873016,68.0047225501771,38.8888888888889,48.3695652173913,69.0909090909091,96.2686567164179,97.244094488189
53059950500,"Census Tract 9505, Skamania County, Washington",2015,47.8,6,7.4,4.5,61.4,6.9,5.8,4.5,15.7,5.7,1008,141,25984,2065,,,,,,,,,,,,,36205,4272,11.9,4.2,13.3,5.7,10.5,6.6,11.3,5.9,17.6,6.8,18.8,7.1,6.9,3.5,6.9,3.2,2.8,3.4,0,3.6,2302,242,0,1.4,0.6,0.8,0.8,1.2,0,1.4,0.7,0.8,89.4,4.9,0,1.4,0,1.4,527,134,70.0189753320683,29.9810246679317,0,15.3576129881527,9.2217135382603,37.6062786134729,42.9692609548725,10.2027468933944,21.4,5.2,885,603,282,68.135593220339,31.864406779661,390,64.6766169154229,83,29.4326241134752,53.4463276836158,8.84353741496599,72.9508196721312,64.7435897435898,85.3146853146853,91.8367346938776
53059,"Skamania County, Washington",2015,51.5,2.4,8.3,2.1,64.2,2.8,7.3,2.1,13.7,2.1,5390,225,31494,2027,37194,2817,23409,6119,31218,2129,35827,4646,49375,16012,63438,8857,52374,5301,9.6,2,6.7,1.7,9,2.1,10.1,2.2,11.9,2.2,18.3,2.8,12.5,2.1,12.6,2,5.9,1.9,3.5,1.2,11243,,0,0.3,0.1,0.2,1,0.2,0.1,0.1,0.8,0.4,94.3,,0.1,0.1,0.2,0.3,2360,39,75.2118644067797,24.5762711864407,0.211864406779661,16.4177769829205,9.28784860557769,29.1708167330677,39.5667330677291,21.9746015936255,15.1,1.5,4495,3163,1332,70.3670745272525,29.6329254727475,2296,72.5893139424597,571,42.8678678678679,63.7819799777531,19.5652173913043,50.1633986928105,65.4832347140039,82.7629911280102,94.0119760479042
53039950100,"Census Tract 9501, Klickitat County, Washington",2015,37.8,4.6,11.7,4.4,48.6,5.3,10.2,4.3,17.1,4.7,3439,341,21182,1625,,,,,,,,,,,,,43043,5485,9.6,4.3,7,3.4,11,3.6,13.4,4.4,19,5.6,20,4.8,10.3,3.4,8.2,3.5,1.3,1.1,0.1,0.2,8527,465,0,0.4,0,0.4,0.2,0.3,0,0.4,0.7,1,93.9,1.8,0,0.4,0,0.4,1837,232,60.8600979858465,38.9765922700055,0.163309744148068,13.2178452776459,10.9692591970435,30.3544431379137,39.543087518898,19.1332101461448,25,3.1,3285,2137,1148,65.0532724505327,34.9467275494673,1615,75.5732335049134,530,46.1672473867596,65.296803652968,21.8446601941748,56.4924114671164,70.9208400646204,93.114241001565,99.0726429675425
53039950200,"Census Tract 9502, Klickitat County, Washington",2015,41.9,5.4,3.2,2,59.3,6.2,2.7,1.7,18.1,5.3,1767,255,26147,1877,,,,,,,,,,,,,41111,4989,4.2,1.8,4.5,3.1,14,5,18.8,5.9,18.7,5.2,21.6,5,6.5,3.5,8.3,2.5,2.3,2.1,1.2,1.6,4552,393,0,0.1,0,0.7,0.7,0.9,0,0.7,0.8,0.9,91.7,5.3,0,0.7,0,0.1,817,190,69.155446756426,30.8445532435741,0,17.4315975286849,9.31024694862333,36.3610559182515,39.795628725518,14.5330684076072,21.3,3.6,1748,1330,418,76.0869565217391,23.9130434782609,1050,78.9473684210526,88,21.0526315789474,65.1029748283753,21.1981566820277,52.4444444444445,63.9240506329114,91.3746630727763,99.0566037735849
53039950300,"Census Tract 9503, Klickitat County, Washington",2015,57.3,3.4,4.9,2.9,75.1,4.4,4.8,3,11.4,4.1,3785,337,30023,2709,30661,1970,23233,2865,31641,1764,25208,7379,36875,15091,71167,39413,61411,8445,4,1.9,3,1.8,9.8,2.8,11.7,4.7,11.1,4.7,22.8,5.4,17.3,4.6,15.7,4.9,3.6,2.1,1,0.9,7741,536,0,0.4,0,0.4,0.7,0.9,0,0.4,6.2,3.4,79.4,3,0,0.4,0.1,0.3,1722,238,71.718931475029,23.7514518002323,4.52961672473868,20.5944239873751,13.1329690346084,22.7322404371585,30.2367941712204,33.8979963570128,15.8,3.6,2830,1928,902,68.1272084805654,31.8727915194346,1465,75.9854771784232,417,46.2305986696231,66.5017667844523,17.3285198555957,21.7922606924644,70.0636942675159,81.198003327787,95.8607714016933
53039,"Klickitat County, Washington",2015,45.9,2.7,7,2.3,60.7,3.3,6.3,2.3,15.2,2.7,8991,377,26292,1583,28571,2916,20797,3598,28917,3688,25949,3428,40708,3579,54125,23962,48319,2715,6.4,2.1,5,1.5,11.2,2.3,14,3,16.1,2.7,21.4,3.1,12,2.5,10.9,2.4,2.4,1,0.6,0.4,20820,,0,0.1,0,0.2,0.5,0.5,0,0.2,2.7,1.4,88,,0,0.2,0,0.1,4376,59,66.6819012797075,31.4670932358318,1.8510054844607,16.8741489982494,11.3724442068689,28.9723372978752,36.1886943739142,23.4665241213417,20.8,1.8,7863,5395,2468,68.6124888719318,31.3875111280682,4130,76.5523632993513,1035,41.936790923825,65.6873966679385,20.5935251798561,44.1981747066493,68.9351481184948,88.268156424581,97.3865877712032
41,Oregon,2015,57.6,0.4,6.8,0.4,71.6,0.5,6.3,0.3,15.4,0.6,2123431,11891,28933,500,33828,782,21904,512,26567,629,31625,413,44049,2147,61139,852,54148,912,6.8,0.4,4.9,0.3,10.4,0.4,10.6,0.4,13.6,0.4,18.8,0.5,12.6,0.4,13.1,0.4,4.6,0.2,4.7,0.2,4028977,,0,0.1,0.1,0.1,4.1,0.1,0.4,0.1,2.6,0.2,87.3,,0,0.1,0.1,0.1,857982,1558,69.0437561627167,29.9642649845801,0.991978852703203,20.2144334813541,9.96929534766217,23.353150569753,34.5263849274424,32.1511691551425,15.2,0.3,1553205,948891,604314,61.0924507711474,38.9075492288526,696636,73.4158085596765,275747,45.6297553920644,62.6049362447327,14.3730161468396,34.1830459224527,59.926583937105,77.3292001184236,94.3597792329418
